Food_ID,Food_Name,Quantity,Expiry_Date,Provider_ID,Location,Food_Type,Meal_Type
1,Bread,43,2025-03-17,110,South Kellyville,Non-Vegetarian,Breakfast
2,Soup,22,2025-03-24,791,West James,Non-Vegetarian,Dinner
3,Fruits,46,2025-03-28,478,Lake Regina,Vegan,Breakfast
4,Fruits,15,2025-03-16,930,Kellytown,Vegan,Lunch
5,Soup,14,2025-03-19,279,Garciaport,Vegan,Dinner
6,Vegetables,4,2025-03-24,378,South Johnshire,Vegan,Snacks
7,Dairy,29,2025-03-25,268,Nolanmouth,Vegan,Dinner
8,Rice,49,2025-03-28,343,South Christopherborough,Vegetarian,Lunch
9,Bread,46,2025-03-25,47,East Andrewland,Non-Vegetarian,Snacks
10,Rice,41,2025-03-20,528,Markport,Vegan,Dinner
11,Pasta,39,2025-03-17,96,Deborahland,Vegan,Breakfast
12,Pasta,15,2025-03-28,899,North Steven,Vegetarian,Lunch
13,Fruits,33,2025-03-22,115,Floresville,Vegetarian,Snacks
14,Bread,19,2025-03-30,621,Sarahland,Vegetarian,Dinner
15,Salad,3,2025-03-22,74,Belindaville,Vegetarian,Breakfast
16,Dairy,6,2025-03-26,862,East Tammy,Vegan,Snacks
17,Chicken,42,2025-03-22,417,East Ashleyshire,Non-Vegetarian,Snacks
18,Soup,28,2025-03-27,455,Madisonfort,Vegan,Snacks
19,Rice,13,2025-03-30,419,Port Peter,Vegan,Breakfast
20,Pasta,41,2025-03-17,306,North Keith,Non-Vegetarian,Snacks
21,Rice,38,2025-03-26,277,West Aliciabury,Vegan,Dinner
22,Chicken,46,2025-03-21,892,Russellfurt,Vegan,Snacks
23,Salad,43,2025-03-26,1,New Jessica,Vegan,Dinner
24,Bread,20,2025-03-30,897,Villastad,Non-Vegetarian,Lunch
25,Rice,48,2025-03-22,898,Medinatown,Vegan,Breakfast
26,Vegetables,34,2025-03-27,95,Christinaland,Vegan,Dinner
27,Salad,12,2025-03-23,262,New Carol,Vegan,Breakfast
28,Chicken,5,2025-03-22,606,North Nathan,Vegan,Dinner
29,Bread,18,2025-03-19,196,Bartonborough,Vegan,Lunch
30,Soup,4,2025-03-16,616,Clarkberg,Vegetarian,Dinner
31,Bread,42,2025-03-22,535,Valdezborough,Non-Vegetarian,Snacks
32,Rice,27,2025-03-21,611,Port Kendraborough,Non-Vegetarian,Lunch
33,Salad,9,2025-03-27,798,North Amanda,Vegetarian,Breakfast
34,Bread,3,2025-03-30,396,Heatherside,Vegan,Breakfast
35,Rice,6,2025-03-23,108,East Austin,Vegan,Breakfast
36,Rice,35,2025-03-20,1,New Jessica,Vegan,Breakfast
37,Fish,19,2025-03-20,389,Davidborough,Non-Vegetarian,Dinner
38,Bread,48,2025-03-22,440,Elliottberg,Vegetarian,Snacks
39,Bread,48,2025-03-22,758,Port Patrick,Non-Vegetarian,Breakfast
40,Fruits,12,2025-03-27,965,Port Bryce,Vegetarian,Breakfast
41,Chicken,14,2025-03-27,450,Grahamside,Vegetarian,Dinner
42,Rice,50,2025-03-16,179,North Michelle,Vegan,Lunch
43,Pasta,44,2025-03-22,29,Patrickmouth,Vegan,Lunch
44,Bread,39,2025-03-22,290,Bradleyport,Vegan,Snacks
45,Fish,17,2025-03-24,874,Priceland,Non-Vegetarian,Lunch
46,Pasta,25,2025-03-28,576,East Emilyburgh,Vegetarian,Breakfast
47,Salad,3,2025-03-17,420,Anthonyton,Vegan,Snacks
48,Rice,30,2025-03-16,150,North Jamesberg,Vegan,Breakfast
49,Fish,41,2025-03-17,700,Morriston,Non-Vegetarian,Dinner
50,Salad,28,2025-03-23,514,Maxwellburgh,Vegetarian,Dinner
51,Dairy,14,2025-03-27,828,Torresshire,Vegetarian,Snacks
52,Vegetables,23,2025-03-29,460,Lake Justin,Non-Vegetarian,Snacks
53,Fruits,13,2025-03-16,174,North Carolfurt,Vegetarian,Lunch
54,Soup,15,2025-03-17,368,North Lindseychester,Non-Vegetarian,Snacks
55,Vegetables,19,2025-03-17,967,Coleburgh,Vegetarian,Breakfast
56,Vegetables,9,2025-03-23,125,Lake April,Non-Vegetarian,Lunch
57,Chicken,23,2025-03-17,977,South Jessicachester,Vegan,Dinner
58,Pasta,39,2025-03-28,270,Cunninghambury,Vegan,Lunch
59,Vegetables,38,2025-03-22,251,East Terrancemouth,Vegan,Snacks
60,Pasta,49,2025-03-28,153,Hawkinsmouth,Non-Vegetarian,Breakfast
61,Fruits,33,2025-03-22,243,West Catherine,Vegetarian,Lunch
62,Rice,21,2025-03-21,520,Port Andre,Non-Vegetarian,Breakfast
63,Salad,6,2025-03-20,335,North Gary,Vegetarian,Dinner
64,Soup,41,2025-03-26,678,Lake Travis,Non-Vegetarian,Dinner
65,Fruits,45,2025-03-26,602,North Destiny,Non-Vegetarian,Breakfast
66,Fish,6,2025-03-22,577,Lake Donna,Non-Vegetarian,Breakfast
67,Rice,50,2025-03-24,455,Madisonfort,Vegan,Breakfast
68,Rice,15,2025-03-25,113,East Elizabethberg,Vegetarian,Snacks
69,Bread,47,2025-03-16,504,Gaineschester,Vegetarian,Snacks
70,Rice,7,2025-03-16,313,Boylechester,Vegetarian,Lunch
71,Fish,45,2025-03-19,750,Michaelton,Vegetarian,Lunch
72,Dairy,11,2025-03-24,293,Joneshaven,Vegan,Dinner
73,Soup,48,2025-03-19,485,East Andrea,Vegan,Breakfast
74,Chicken,12,2025-03-29,387,West Juliabury,Non-Vegetarian,Breakfast
75,Bread,35,2025-03-24,389,Davidborough,Vegetarian,Dinner
76,Pasta,40,2025-03-16,905,North Kennethshire,Vegan,Lunch
77,Rice,4,2025-03-19,890,Pereztown,Vegetarian,Lunch
78,Chicken,1,2025-03-23,913,Erikatown,Non-Vegetarian,Dinner
79,Rice,25,2025-03-19,100,Mooreview,Vegan,Breakfast
80,Dairy,36,2025-03-29,434,Nicoletown,Vegetarian,Breakfast
81,Fruits,33,2025-03-18,848,Fowlerbury,Vegetarian,Snacks
82,Vegetables,26,2025-03-23,631,North Kevinhaven,Non-Vegetarian,Snacks
83,Rice,44,2025-03-28,312,North Ianbury,Vegetarian,Dinner
84,Rice,25,2025-03-23,967,Coleburgh,Vegan,Snacks
85,Pasta,28,2025-03-16,554,Brandyberg,Vegan,Lunch
86,Soup,13,2025-03-30,288,Maynardstad,Vegetarian,Dinner
87,Salad,37,2025-03-28,34,North Garybury,Vegan,Breakfast
88,Vegetables,22,2025-03-21,491,Samanthabury,Non-Vegetarian,Dinner
89,Chicken,3,2025-03-27,844,Olsenstad,Vegan,Lunch
90,Bread,29,2025-03-23,477,East Jacobchester,Vegan,Breakfast
91,Vegetables,9,2025-03-22,275,Brittanyport,Vegetarian,Breakfast
92,Chicken,42,2025-03-20,752,East Heatherport,Vegetarian,Breakfast
93,Salad,49,2025-03-20,264,New Richard,Vegetarian,Lunch
94,Rice,35,2025-03-16,722,Linchester,Vegetarian,Lunch
95,Pasta,19,2025-03-24,120,New Lisa,Vegan,Snacks
96,Dairy,5,2025-03-25,656,South Tiffanyfort,Non-Vegetarian,Breakfast
97,Rice,44,2025-03-21,346,Thomasville,Vegetarian,Dinner
98,Salad,26,2025-03-29,632,Davidville,Vegetarian,Breakfast
99,Bread,8,2025-03-28,162,Penabury,Non-Vegetarian,Dinner
100,Vegetables,22,2025-03-18,647,West Kara,Vegan,Breakfast
101,Dairy,35,2025-03-23,538,Jasonmouth,Non-Vegetarian,Dinner
102,Rice,35,2025-03-19,584,Moralesside,Vegetarian,Snacks
103,Bread,35,2025-03-30,391,South Jerryside,Non-Vegetarian,Snacks
104,Dairy,3,2025-03-29,468,East Johnburgh,Non-Vegetarian,Dinner
105,Rice,2,2025-03-24,698,Phillipsmouth,Non-Vegetarian,Breakfast
106,Rice,31,2025-03-19,253,Sharonton,Vegetarian,Breakfast
107,Salad,29,2025-03-25,464,Port Jacob,Vegetarian,Breakfast
108,Fruits,22,2025-03-25,835,Thorntonbury,Non-Vegetarian,Snacks
109,Fruits,7,2025-03-24,998,Joshuastad,Vegan,Dinner
110,Salad,49,2025-03-17,354,South Alicia,Vegan,Dinner
111,Soup,13,2025-03-17,904,West Miaside,Vegetarian,Snacks
112,Chicken,32,2025-03-25,308,Brittanyside,Vegetarian,Lunch
113,Soup,14,2025-03-16,623,Latoyaberg,Vegetarian,Breakfast
114,Vegetables,28,2025-03-27,906,West Kevin,Vegan,Breakfast
115,Pasta,8,2025-03-26,963,East Bernard,Vegan,Lunch
116,Soup,32,2025-03-23,570,Lake Vanessa,Vegetarian,Lunch
117,Soup,32,2025-03-21,530,Johnstonhaven,Non-Vegetarian,Snacks
118,Dairy,42,2025-03-28,863,Port Michael,Vegan,Lunch
119,Bread,49,2025-03-28,135,East Candace,Non-Vegetarian,Breakfast
120,Rice,30,2025-03-18,785,Lindseybury,Vegan,Lunch
121,Vegetables,16,2025-03-30,314,Rodriguezfurt,Non-Vegetarian,Dinner
122,Fruits,7,2025-03-20,846,South Thomasville,Vegan,Snacks
123,Soup,11,2025-03-25,148,Annahaven,Vegetarian,Lunch
124,Salad,50,2025-03-19,909,Sheilaburgh,Vegetarian,Snacks
125,Rice,21,2025-03-17,982,Westbury,Vegan,Dinner
126,Dairy,27,2025-03-18,54,Lake Rachael,Vegan,Lunch
127,Rice,48,2025-03-30,763,Josephburgh,Vegan,Snacks
128,Rice,39,2025-03-22,235,Gutierrezshire,Vegetarian,Snacks
129,Chicken,26,2025-03-21,798,North Amanda,Vegan,Dinner
130,Vegetables,47,2025-03-29,997,East Rossside,Vegan,Breakfast
131,Fish,16,2025-03-18,241,Devinmouth,Vegan,Dinner
132,Soup,20,2025-03-19,840,Cisnerostown,Non-Vegetarian,Snacks
133,Rice,28,2025-03-19,795,Brownberg,Vegan,Lunch
134,Rice,1,2025-03-16,39,Brittanyville,Vegan,Dinner
135,Rice,44,2025-03-23,980,Port Melissa,Vegan,Lunch
136,Bread,29,2025-03-17,723,Jessicaland,Vegan,Dinner
137,Pasta,29,2025-03-19,87,West Adam,Vegetarian,Snacks
138,Soup,24,2025-03-18,558,North Sharonberg,Non-Vegetarian,Snacks
139,Rice,3,2025-03-20,446,Port Richardshire,Vegetarian,Dinner
140,Chicken,18,2025-03-16,967,Coleburgh,Vegan,Dinner
141,Dairy,33,2025-03-29,702,Lake Mistyton,Non-Vegetarian,Lunch
142,Soup,41,2025-03-29,368,North Lindseychester,Vegetarian,Snacks
143,Fish,18,2025-03-24,938,Hollyhaven,Non-Vegetarian,Lunch
144,Bread,18,2025-03-18,810,Lake Jason,Vegan,Lunch
145,Rice,12,2025-03-29,751,East Richardside,Vegan,Lunch
146,Chicken,17,2025-03-25,172,Garciaside,Vegan,Lunch
147,Vegetables,47,2025-03-30,619,North Katelynland,Non-Vegetarian,Breakfast
148,Pasta,16,2025-03-18,650,Garzaville,Non-Vegetarian,Breakfast
149,Fish,18,2025-03-20,816,New Jamesburgh,Vegetarian,Breakfast
150,Fish,50,2025-03-28,332,West Whitneymouth,Vegan,Snacks
151,Chicken,19,2025-03-23,902,Port Robertport,Vegetarian,Dinner
152,Fish,46,2025-03-24,58,North Kevinhaven,Non-Vegetarian,Dinner
153,Fish,20,2025-03-21,737,Port Andrea,Vegetarian,Breakfast
154,Pasta,46,2025-03-30,4,Mendezmouth,Vegan,Breakfast
155,Fruits,20,2025-03-20,602,North Destiny,Vegan,Dinner
156,Fish,24,2025-03-19,970,Jeffreybury,Vegetarian,Snacks
157,Chicken,37,2025-03-20,600,Meganshire,Vegan,Breakfast
158,Bread,22,2025-03-30,687,North James,Vegetarian,Breakfast
159,Pasta,7,2025-03-27,653,Cameronside,Vegan,Lunch
160,Rice,27,2025-03-23,367,Deckermouth,Vegetarian,Snacks
161,Vegetables,32,2025-03-20,414,New Matthew,Non-Vegetarian,Breakfast
162,Pasta,50,2025-03-21,826,Lake Karenfurt,Non-Vegetarian,Breakfast
163,Bread,45,2025-03-16,251,East Terrancemouth,Vegetarian,Dinner
164,Dairy,22,2025-03-27,432,Carolchester,Vegan,Dinner
165,Bread,22,2025-03-28,90,Lake Kristentown,Vegetarian,Lunch
166,Soup,9,2025-03-17,58,North Kevinhaven,Vegan,Lunch
167,Fish,4,2025-03-20,134,West Melissa,Vegetarian,Lunch
168,Salad,26,2025-03-20,306,North Keith,Non-Vegetarian,Lunch
169,Fruits,18,2025-03-20,336,East Sandra,Vegan,Snacks
170,Fruits,49,2025-03-17,403,Jeremiahfort,Vegan,Breakfast
171,Salad,25,2025-03-22,103,Port Michaelshire,Vegetarian,Snacks
172,Rice,45,2025-03-28,826,Lake Karenfurt,Non-Vegetarian,Breakfast
173,Soup,17,2025-03-19,538,Jasonmouth,Vegan,Dinner
174,Chicken,23,2025-03-22,903,Lake Kari,Vegan,Breakfast
175,Dairy,26,2025-03-30,465,Johnton,Vegetarian,Breakfast
176,Fish,19,2025-03-30,316,Williamsfort,Non-Vegetarian,Snacks
177,Dairy,22,2025-03-22,863,Port Michael,Vegan,Breakfast
178,Dairy,47,2025-03-21,847,Williamsonmouth,Vegan,Breakfast
179,Bread,11,2025-03-27,601,Port Troychester,Vegetarian,Breakfast
180,Salad,35,2025-03-28,7,Lake Christopherburgh,Vegan,Dinner
181,Rice,35,2025-03-16,47,East Andrewland,Non-Vegetarian,Lunch
182,Soup,29,2025-03-18,247,Port Aaron,Vegan,Breakfast
183,Salad,15,2025-03-30,730,Benjaminstad,Vegan,Snacks
184,Salad,7,2025-03-29,182,Port Jeffrey,Vegetarian,Dinner
185,Soup,19,2025-03-27,498,East Craig,Non-Vegetarian,Lunch
186,Pasta,48,2025-03-17,306,North Keith,Vegetarian,Breakfast
187,Dairy,38,2025-03-21,910,Leeburgh,Non-Vegetarian,Snacks
188,Soup,4,2025-03-20,55,Danachester,Vegan,Breakfast
189,Salad,7,2025-03-20,948,West Lisamouth,Vegetarian,Breakfast
190,Salad,25,2025-03-22,262,New Carol,Non-Vegetarian,Snacks
191,Salad,13,2025-03-22,508,Walkerfurt,Vegan,Lunch
192,Vegetables,5,2025-03-17,320,Lake Jeffreytown,Vegan,Snacks
193,Pasta,25,2025-03-21,354,South Alicia,Vegan,Breakfast
194,Chicken,39,2025-03-26,31,South Kellyberg,Non-Vegetarian,Lunch
195,Vegetables,31,2025-03-25,847,Williamsonmouth,Non-Vegetarian,Snacks
196,Fish,27,2025-03-28,989,North Lauren,Non-Vegetarian,Breakfast
197,Rice,21,2025-03-24,453,East Timothy,Vegetarian,Breakfast
198,Bread,50,2025-03-23,287,Jefferyside,Vegetarian,Breakfast
199,Vegetables,16,2025-03-17,244,Toddberg,Vegan,Breakfast
200,Bread,3,2025-03-24,794,Woodport,Non-Vegetarian,Dinner
201,Soup,35,2025-03-29,330,Jamesport,Vegetarian,Dinner
202,Dairy,17,2025-03-18,319,Lake Amymouth,Vegetarian,Lunch
203,Pasta,8,2025-03-24,215,New Curtis,Vegetarian,Breakfast
204,Fish,11,2025-03-26,896,Weberfurt,Non-Vegetarian,Lunch
205,Dairy,13,2025-03-20,22,Port Lisamouth,Vegan,Breakfast
206,Rice,28,2025-03-29,931,South Allisonburgh,Non-Vegetarian,Breakfast
207,Salad,42,2025-03-23,523,Lake Lorrainefort,Vegetarian,Dinner
208,Rice,27,2025-03-26,215,New Curtis,Vegetarian,Dinner
209,Fish,31,2025-03-26,422,Smithfort,Non-Vegetarian,Dinner
210,Fruits,17,2025-03-28,990,Lake Latasha,Vegetarian,Breakfast
211,Chicken,37,2025-03-22,242,Michaelport,Vegetarian,Snacks
212,Salad,33,2025-03-20,228,Andrewsmouth,Non-Vegetarian,Dinner
213,Fruits,20,2025-03-26,122,Tyronebury,Non-Vegetarian,Snacks
214,Soup,9,2025-03-28,24,Hestermouth,Vegan,Breakfast
215,Bread,50,2025-03-30,315,Lake Andrewmouth,Vegetarian,Snacks
216,Vegetables,33,2025-03-16,206,Port Emilyburgh,Vegetarian,Dinner
217,Soup,42,2025-03-23,290,Bradleyport,Vegetarian,Lunch
218,Fish,38,2025-03-24,159,North Brooke,Vegan,Snacks
219,Fish,26,2025-03-18,323,Jasmineberg,Vegetarian,Snacks
220,Pasta,18,2025-03-24,976,Davisview,Vegan,Snacks
221,Bread,11,2025-03-19,211,Lake James,Vegan,Snacks
222,Vegetables,23,2025-03-20,333,Port Heidiland,Non-Vegetarian,Breakfast
223,Bread,38,2025-03-17,524,West Amandafurt,Vegan,Snacks
224,Fruits,29,2025-03-19,556,Brittanyland,Non-Vegetarian,Snacks
225,Fish,26,2025-03-24,340,Murrayborough,Vegan,Dinner
226,Rice,26,2025-03-22,242,Michaelport,Non-Vegetarian,Snacks
227,Vegetables,25,2025-03-29,923,Jonestown,Non-Vegetarian,Breakfast
228,Rice,12,2025-03-29,98,Gardnerfort,Vegetarian,Snacks
229,Pasta,26,2025-03-22,210,Paulmouth,Non-Vegetarian,Dinner
230,Fruits,17,2025-03-16,596,Zimmermanville,Vegetarian,Breakfast
231,Rice,33,2025-03-29,782,North Mary,Non-Vegetarian,Breakfast
232,Soup,19,2025-03-28,610,Allenton,Vegan,Lunch
233,Fish,19,2025-03-26,26,West Adammouth,Non-Vegetarian,Snacks
234,Rice,10,2025-03-16,888,West Sharonview,Vegetarian,Dinner
235,Dairy,38,2025-03-21,170,North Brentbury,Vegan,Lunch
236,Soup,50,2025-03-21,231,North Tom,Non-Vegetarian,Lunch
237,Salad,39,2025-03-27,643,North Ebony,Vegan,Dinner
238,Vegetables,2,2025-03-27,621,Sarahland,Vegetarian,Breakfast
239,Pasta,26,2025-03-17,372,Lewisberg,Vegan,Dinner
240,Fruits,46,2025-03-26,319,Lake Amymouth,Vegetarian,Lunch
241,Fish,4,2025-03-23,135,East Candace,Vegetarian,Breakfast
242,Soup,17,2025-03-21,655,Jimmyberg,Vegan,Dinner
243,Fruits,30,2025-03-24,750,Michaelton,Non-Vegetarian,Snacks
244,Soup,17,2025-03-26,46,South Lisaberg,Non-Vegetarian,Snacks
245,Chicken,5,2025-03-16,48,Timothyview,Vegetarian,Dinner
246,Salad,50,2025-03-28,768,South Danielle,Non-Vegetarian,Snacks
247,Fish,17,2025-03-30,47,East Andrewland,Non-Vegetarian,Lunch
248,Vegetables,32,2025-03-21,960,Port Lance,Non-Vegetarian,Lunch
249,Salad,39,2025-03-28,596,Zimmermanville,Vegan,Breakfast
250,Bread,8,2025-03-16,316,Williamsfort,Vegan,Snacks
251,Dairy,12,2025-03-24,241,Devinmouth,Non-Vegetarian,Lunch
252,Chicken,18,2025-03-19,113,East Elizabethberg,Non-Vegetarian,Snacks
253,Rice,20,2025-03-19,231,North Tom,Vegan,Snacks
254,Rice,30,2025-03-24,703,Lake Jamestown,Non-Vegetarian,Lunch
255,Dairy,44,2025-03-24,825,South Bryan,Non-Vegetarian,Lunch
256,Rice,33,2025-03-28,384,Jamesfurt,Non-Vegetarian,Dinner
257,Chicken,41,2025-03-25,344,North Nicholas,Vegan,Snacks
258,Fish,24,2025-03-21,101,East Angelafort,Vegetarian,Breakfast
259,Rice,44,2025-03-27,815,Ashleyhaven,Non-Vegetarian,Snacks
260,Fruits,50,2025-03-29,723,Jessicaland,Vegetarian,Dinner
261,Pasta,15,2025-03-21,112,East Courtneymouth,Non-Vegetarian,Lunch
262,Dairy,47,2025-03-30,693,Raybury,Vegetarian,Breakfast
263,Salad,21,2025-03-30,408,Riceshire,Vegetarian,Breakfast
264,Bread,49,2025-03-24,484,North Douglasfurt,Vegetarian,Dinner
265,Fruits,32,2025-03-26,862,East Tammy,Non-Vegetarian,Breakfast
266,Soup,30,2025-03-23,589,Morganhaven,Vegetarian,Lunch
267,Soup,6,2025-03-30,107,West Lauraborough,Non-Vegetarian,Dinner
268,Fish,21,2025-03-29,485,East Andrea,Non-Vegetarian,Breakfast
269,Soup,36,2025-03-28,595,Port Matthew,Non-Vegetarian,Snacks
270,Pasta,29,2025-03-29,201,Sandrastad,Vegan,Lunch
271,Rice,22,2025-03-17,254,Reidland,Vegan,Breakfast
272,Vegetables,30,2025-03-25,151,Anthonyshire,Vegan,Dinner
273,Salad,32,2025-03-16,446,Port Richardshire,Non-Vegetarian,Lunch
274,Salad,37,2025-03-29,768,South Danielle,Vegan,Snacks
275,Fish,35,2025-03-24,657,Davidland,Non-Vegetarian,Breakfast
276,Fruits,47,2025-03-29,839,Port Erin,Vegan,Breakfast
277,Pasta,30,2025-03-22,244,Toddberg,Non-Vegetarian,Lunch
278,Soup,35,2025-03-24,66,Lake Michaelfurt,Non-Vegetarian,Lunch
279,Chicken,3,2025-03-25,326,Lake Alicia,Non-Vegetarian,Lunch
280,Pasta,44,2025-03-27,393,Heatherview,Vegan,Dinner
281,Rice,28,2025-03-23,356,West Michael,Non-Vegetarian,Breakfast
282,Fruits,27,2025-03-25,640,West Tinamouth,Non-Vegetarian,Lunch
283,Dairy,7,2025-03-30,312,North Ianbury,Non-Vegetarian,Breakfast
284,Vegetables,36,2025-03-27,161,Perezport,Vegetarian,Breakfast
285,Rice,44,2025-03-19,353,North Aaron,Vegetarian,Breakfast
286,Pasta,37,2025-03-26,43,South Karen,Vegetarian,Snacks
287,Salad,20,2025-03-17,882,Jenniferville,Vegan,Breakfast
288,Bread,48,2025-03-22,703,Lake Jamestown,Vegetarian,Breakfast
289,Vegetables,31,2025-03-17,237,Frederickside,Non-Vegetarian,Breakfast
290,Dairy,19,2025-03-19,315,Lake Andrewmouth,Non-Vegetarian,Lunch
291,Salad,12,2025-03-19,785,Lindseybury,Vegetarian,Breakfast
292,Chicken,16,2025-03-17,906,West Kevin,Non-Vegetarian,Breakfast
293,Rice,32,2025-03-27,276,Port Eric,Non-Vegetarian,Dinner
294,Bread,40,2025-03-19,113,East Elizabethberg,Vegan,Dinner
295,Soup,39,2025-03-17,344,North Nicholas,Non-Vegetarian,Dinner
296,Dairy,24,2025-03-19,655,Jimmyberg,Vegan,Lunch
297,Pasta,46,2025-03-19,409,East Roberthaven,Non-Vegetarian,Breakfast
298,Chicken,2,2025-03-22,883,New Jacob,Vegetarian,Lunch
299,Dairy,14,2025-03-21,718,Port Victoria,Non-Vegetarian,Lunch
300,Pasta,16,2025-03-17,459,Castilloport,Non-Vegetarian,Snacks
301,Rice,35,2025-03-24,886,New Tiffanystad,Vegan,Breakfast
302,Bread,31,2025-03-23,760,Yatesside,Vegan,Snacks
303,Fish,2,2025-03-18,945,Tamaraside,Vegan,Dinner
304,Fish,5,2025-03-19,639,Richardsonhaven,Vegetarian,Dinner
305,Soup,14,2025-03-30,38,Perkinsbury,Non-Vegetarian,Breakfast
306,Salad,27,2025-03-22,284,North Julieburgh,Non-Vegetarian,Snacks
307,Chicken,20,2025-03-20,384,Jamesfurt,Non-Vegetarian,Breakfast
308,Soup,11,2025-03-29,973,New Larry,Vegan,Snacks
309,Chicken,47,2025-03-27,1000,Brendantown,Vegan,Snacks
310,Rice,13,2025-03-20,528,Markport,Vegan,Dinner
311,Fish,3,2025-03-18,740,Port Marissachester,Vegan,Dinner
312,Fruits,11,2025-03-26,238,North Julieburgh,Non-Vegetarian,Breakfast
313,Fruits,3,2025-03-26,551,East Sandratown,Vegetarian,Snacks
314,Fish,27,2025-03-23,387,West Juliabury,Vegetarian,Lunch
315,Salad,47,2025-03-18,761,New Zachary,Vegetarian,Dinner
316,Salad,4,2025-03-28,494,New Denise,Vegetarian,Dinner
317,Dairy,22,2025-03-21,866,New Robertstad,Non-Vegetarian,Dinner
318,Pasta,48,2025-03-25,946,Roystad,Vegan,Lunch
319,Chicken,47,2025-03-30,63,Mcclainfurt,Vegetarian,Snacks
320,Vegetables,26,2025-03-20,484,North Douglasfurt,Vegetarian,Lunch
321,Pasta,20,2025-03-18,572,Lake Cathy,Non-Vegetarian,Lunch
322,Chicken,12,2025-03-26,575,Johnport,Non-Vegetarian,Dinner
323,Dairy,31,2025-03-27,4,Mendezmouth,Vegan,Snacks
324,Soup,39,2025-03-24,346,Thomasville,Vegetarian,Snacks
325,Chicken,32,2025-03-25,365,West Robert,Vegan,Dinner
326,Soup,25,2025-03-29,407,North Charlesside,Vegan,Dinner
327,Dairy,24,2025-03-22,834,Harrishaven,Vegetarian,Breakfast
328,Chicken,36,2025-03-19,876,Brookeland,Vegetarian,Snacks
329,Rice,42,2025-03-17,716,North Ryan,Vegetarian,Dinner
330,Rice,49,2025-03-19,407,North Charlesside,Vegan,Snacks
331,Fish,8,2025-03-22,480,East Kevin,Vegan,Breakfast
332,Rice,12,2025-03-21,616,Clarkberg,Vegetarian,Dinner
333,Salad,41,2025-03-20,139,Port Connie,Non-Vegetarian,Breakfast
334,Bread,17,2025-03-19,126,New Rodneyville,Non-Vegetarian,Snacks
335,Rice,38,2025-03-20,664,Jeffreyshire,Non-Vegetarian,Snacks
336,Dairy,36,2025-03-23,101,East Angelafort,Non-Vegetarian,Snacks
337,Vegetables,5,2025-03-24,301,East Laurashire,Vegan,Snacks
338,Chicken,7,2025-03-19,735,Westmouth,Non-Vegetarian,Lunch
339,Pasta,40,2025-03-29,512,Port Timothystad,Non-Vegetarian,Dinner
340,Fruits,3,2025-03-24,634,Colemanton,Vegetarian,Dinner
341,Vegetables,48,2025-03-30,908,East Phillipton,Non-Vegetarian,Dinner
342,Vegetables,5,2025-03-27,766,Jonathanmouth,Vegetarian,Lunch
343,Bread,40,2025-03-27,563,East Angela,Vegan,Snacks
344,Vegetables,44,2025-03-23,678,Lake Travis,Vegan,Snacks
345,Pasta,14,2025-03-20,346,Thomasville,Vegan,Lunch
346,Chicken,16,2025-03-28,2,East Sheena,Vegan,Snacks
347,Chicken,45,2025-03-24,567,Jonathanstad,Vegetarian,Breakfast
348,Fish,21,2025-03-27,107,West Lauraborough,Vegetarian,Lunch
349,Vegetables,33,2025-03-18,766,Jonathanmouth,Vegetarian,Breakfast
350,Pasta,8,2025-03-21,828,Torresshire,Non-Vegetarian,Breakfast
351,Bread,45,2025-03-25,678,Lake Travis,Non-Vegetarian,Snacks
352,Vegetables,31,2025-03-28,692,South Andrewport,Vegetarian,Dinner
353,Fruits,5,2025-03-29,418,Deborahfurt,Non-Vegetarian,Lunch
354,Pasta,3,2025-03-24,380,Lake Christophermouth,Vegan,Lunch
355,Pasta,10,2025-03-22,662,Port Lesliebury,Vegetarian,Dinner
356,Fish,27,2025-03-20,71,Ruizmouth,Vegan,Lunch
357,Chicken,1,2025-03-23,939,New Monicaside,Vegan,Dinner
358,Fruits,41,2025-03-21,810,Lake Jason,Vegetarian,Breakfast
359,Bread,6,2025-03-23,811,East Emily,Non-Vegetarian,Lunch
360,Chicken,12,2025-03-18,22,Port Lisamouth,Vegan,Dinner
361,Dairy,17,2025-03-16,391,South Jerryside,Vegetarian,Breakfast
362,Chicken,29,2025-03-27,785,Lindseybury,Vegan,Snacks
363,Bread,24,2025-03-23,770,East Melissa,Non-Vegetarian,Breakfast
364,Fish,33,2025-03-22,540,Henrychester,Non-Vegetarian,Snacks
365,Fruits,48,2025-03-27,71,Ruizmouth,Non-Vegetarian,Dinner
366,Chicken,25,2025-03-24,331,South Jeffreyburgh,Non-Vegetarian,Lunch
367,Vegetables,38,2025-03-29,610,Allenton,Non-Vegetarian,Snacks
368,Salad,1,2025-03-16,826,Lake Karenfurt,Non-Vegetarian,Lunch
369,Fruits,23,2025-03-16,523,Lake Lorrainefort,Vegan,Breakfast
370,Fruits,35,2025-03-16,783,Port Melanie,Vegan,Lunch
371,Bread,34,2025-03-21,154,New John,Non-Vegetarian,Lunch
372,Pasta,11,2025-03-25,138,North Sherrimouth,Vegan,Snacks
373,Rice,39,2025-03-21,252,Phillipsfort,Non-Vegetarian,Lunch
374,Chicken,44,2025-03-21,709,South Kathryn,Vegan,Lunch
375,Vegetables,15,2025-03-28,569,South Russelltown,Vegan,Dinner
376,Vegetables,47,2025-03-25,41,Bentleyburgh,Vegan,Lunch
377,Pasta,22,2025-03-25,737,Port Andrea,Non-Vegetarian,Breakfast
378,Soup,39,2025-03-19,834,Harrishaven,Vegetarian,Lunch
379,Rice,14,2025-03-18,312,North Ianbury,Vegetarian,Lunch
380,Soup,26,2025-03-22,985,Harrisonbury,Non-Vegetarian,Snacks
381,Pasta,35,2025-03-18,86,New Michelle,Vegan,Dinner
382,Salad,42,2025-03-20,208,East Garyton,Non-Vegetarian,Dinner
383,Vegetables,48,2025-03-19,783,Port Melanie,Vegan,Lunch
384,Fish,14,2025-03-26,614,Robertshire,Vegan,Snacks
385,Pasta,7,2025-03-25,885,Lake Stephen,Non-Vegetarian,Dinner
386,Salad,30,2025-03-22,697,Padillatown,Vegetarian,Snacks
387,Rice,31,2025-03-24,958,Lake Vanessaland,Vegan,Dinner
388,Soup,41,2025-03-25,858,Johnsonborough,Vegetarian,Dinner
389,Vegetables,30,2025-03-18,707,Laurietown,Non-Vegetarian,Snacks
390,Soup,19,2025-03-27,264,New Richard,Non-Vegetarian,Lunch
391,Bread,40,2025-03-25,321,North Edwinchester,Vegan,Lunch
392,Soup,34,2025-03-19,599,Carlborough,Vegan,Dinner
393,Bread,50,2025-03-28,404,Brownchester,Vegan,Breakfast
394,Fruits,30,2025-03-21,485,East Andrea,Vegetarian,Dinner
395,Vegetables,36,2025-03-28,717,Pamelaberg,Vegan,Lunch
396,Dairy,5,2025-03-17,726,Shortfurt,Non-Vegetarian,Dinner
397,Salad,14,2025-03-21,987,South Kevinhaven,Non-Vegetarian,Breakfast
398,Dairy,27,2025-03-20,802,North Katherineshire,Non-Vegetarian,Snacks
399,Chicken,16,2025-03-29,593,Tammyside,Vegetarian,Lunch
400,Rice,42,2025-03-29,897,Villastad,Vegan,Lunch
401,Soup,42,2025-03-18,582,West Dannyland,Vegetarian,Lunch
402,Fish,11,2025-03-29,429,Lake Benjamin,Non-Vegetarian,Lunch
403,Bread,25,2025-03-28,133,South Michaelberg,Non-Vegetarian,Breakfast
404,Salad,10,2025-03-18,691,Youngchester,Vegetarian,Snacks
405,Bread,16,2025-03-20,241,Devinmouth,Vegetarian,Lunch
406,Salad,28,2025-03-22,222,Stephanieberg,Vegetarian,Snacks
407,Chicken,32,2025-03-20,912,Blaketown,Vegetarian,Lunch
408,Soup,42,2025-03-24,391,South Jerryside,Non-Vegetarian,Breakfast
409,Chicken,46,2025-03-24,898,Medinatown,Vegetarian,Dinner
410,Salad,21,2025-03-19,273,New Carol,Non-Vegetarian,Snacks
411,Soup,39,2025-03-30,419,Port Peter,Non-Vegetarian,Breakfast
412,Chicken,10,2025-03-28,999,Stevenchester,Non-Vegetarian,Snacks
413,Salad,31,2025-03-24,315,Lake Andrewmouth,Vegetarian,Lunch
414,Vegetables,7,2025-03-21,353,North Aaron,Non-Vegetarian,Snacks
415,Vegetables,18,2025-03-23,537,Callahanside,Vegan,Breakfast
416,Soup,49,2025-03-26,888,West Sharonview,Vegan,Dinner
417,Soup,49,2025-03-19,196,Bartonborough,Vegan,Snacks
418,Vegetables,19,2025-03-30,685,Maysside,Non-Vegetarian,Lunch
419,Rice,26,2025-03-19,585,Port Donnaton,Vegetarian,Breakfast
420,Soup,13,2025-03-26,386,Wheelermouth,Vegan,Breakfast
421,Dairy,24,2025-03-17,676,Lake Jasmin,Vegetarian,Dinner
422,Soup,2,2025-03-20,550,Timothychester,Non-Vegetarian,Breakfast
423,Fish,6,2025-03-30,926,North Chase,Vegan,Breakfast
424,Pasta,41,2025-03-27,910,Leeburgh,Non-Vegetarian,Lunch
425,Chicken,19,2025-03-24,4,Mendezmouth,Non-Vegetarian,Breakfast
426,Bread,6,2025-03-22,461,New Hannah,Vegetarian,Dinner
427,Soup,34,2025-03-18,338,Adambury,Non-Vegetarian,Lunch
428,Dairy,35,2025-03-16,242,Michaelport,Vegetarian,Snacks
429,Pasta,34,2025-03-17,178,Scottchester,Non-Vegetarian,Lunch
430,Dairy,33,2025-03-28,853,East Michelle,Vegan,Snacks
431,Pasta,21,2025-03-20,144,Bellport,Non-Vegetarian,Lunch
432,Dairy,34,2025-03-17,979,West Hunter,Non-Vegetarian,Breakfast
433,Dairy,50,2025-03-18,892,Russellfurt,Vegetarian,Lunch
434,Vegetables,20,2025-03-23,460,Lake Justin,Non-Vegetarian,Snacks
435,Chicken,26,2025-03-30,373,Aprilberg,Non-Vegetarian,Lunch
436,Pasta,6,2025-03-26,126,New Rodneyville,Vegan,Snacks
437,Chicken,29,2025-03-16,345,North Tracy,Non-Vegetarian,Dinner
438,Dairy,46,2025-03-20,84,Marthaside,Vegetarian,Breakfast
439,Fruits,41,2025-03-16,986,Port David,Vegan,Dinner
440,Pasta,34,2025-03-21,499,Jonathanstad,Vegan,Lunch
441,Fruits,2,2025-03-18,919,Port Tanyaburgh,Vegetarian,Lunch
442,Fish,20,2025-03-18,905,North Kennethshire,Non-Vegetarian,Lunch
443,Chicken,34,2025-03-22,671,North Catherine,Non-Vegetarian,Lunch
444,Dairy,27,2025-03-27,117,Amberton,Non-Vegetarian,Lunch
445,Pasta,13,2025-03-18,995,Manningshire,Vegan,Lunch
446,Bread,9,2025-03-24,39,Brittanyville,Non-Vegetarian,Snacks
447,Soup,21,2025-03-26,736,East Anthony,Vegetarian,Lunch
448,Vegetables,25,2025-03-23,221,Walterborough,Vegan,Snacks
449,Dairy,21,2025-03-17,655,Jimmyberg,Vegetarian,Dinner
450,Bread,9,2025-03-23,368,North Lindseychester,Non-Vegetarian,Dinner
451,Fish,14,2025-03-18,713,Smithmouth,Vegan,Breakfast
452,Vegetables,47,2025-03-23,871,Madelinechester,Vegan,Dinner
453,Fish,21,2025-03-21,664,Jeffreyshire,Vegetarian,Lunch
454,Pasta,4,2025-03-22,189,Brianside,Vegetarian,Lunch
455,Pasta,17,2025-03-27,630,West Matthew,Vegan,Dinner
456,Vegetables,16,2025-03-19,144,Bellport,Vegetarian,Snacks
457,Soup,30,2025-03-25,347,Louismouth,Non-Vegetarian,Lunch
458,Dairy,16,2025-03-23,210,Paulmouth,Vegan,Lunch
459,Rice,2,2025-03-22,213,Andersonville,Vegetarian,Snacks
460,Dairy,45,2025-03-17,202,Vazquezshire,Vegetarian,Dinner
461,Pasta,10,2025-03-19,511,Port Davidshire,Vegetarian,Dinner
462,Soup,22,2025-03-23,85,Christopherstad,Vegan,Dinner
463,Soup,36,2025-03-17,384,Jamesfurt,Vegan,Lunch
464,Fish,27,2025-03-20,201,Sandrastad,Vegetarian,Lunch
465,Rice,32,2025-03-19,532,Darrylchester,Vegetarian,Snacks
466,Rice,6,2025-03-30,729,Lake Nathan,Vegetarian,Dinner
467,Dairy,7,2025-03-28,337,New Ricky,Non-Vegetarian,Dinner
468,Fruits,1,2025-03-27,258,Lake Anthonyport,Vegetarian,Breakfast
469,Vegetables,7,2025-03-30,388,Manuelhaven,Vegetarian,Snacks
470,Salad,38,2025-03-17,435,Port Leahfurt,Vegan,Dinner
471,Pasta,15,2025-03-30,637,East Williamshire,Vegetarian,Lunch
472,Salad,21,2025-03-20,340,Murrayborough,Non-Vegetarian,Snacks
473,Chicken,19,2025-03-30,528,Markport,Vegetarian,Breakfast
474,Rice,5,2025-03-22,215,New Curtis,Vegetarian,Dinner
475,Pasta,13,2025-03-26,357,Donnaborough,Vegetarian,Dinner
476,Fruits,2,2025-03-28,993,East Stephanie,Non-Vegetarian,Dinner
477,Dairy,40,2025-03-18,262,New Carol,Vegan,Breakfast
478,Soup,43,2025-03-17,928,Zimmermanton,Vegetarian,Lunch
479,Salad,2,2025-03-18,786,Basstown,Vegetarian,Breakfast
480,Pasta,25,2025-03-24,517,Wadeville,Non-Vegetarian,Lunch
481,Dairy,16,2025-03-19,705,East Robert,Vegan,Dinner
482,Salad,32,2025-03-27,912,Blaketown,Non-Vegetarian,Dinner
483,Vegetables,36,2025-03-29,933,Anthonyborough,Vegetarian,Snacks
484,Bread,15,2025-03-22,133,South Michaelberg,Vegan,Snacks
485,Salad,50,2025-03-18,185,Shirleyland,Vegan,Lunch
486,Chicken,9,2025-03-25,550,Timothychester,Vegan,Snacks
487,Fruits,43,2025-03-18,499,Jonathanstad,Vegetarian,Dinner
488,Fish,22,2025-03-19,527,Bonillahaven,Vegetarian,Breakfast
489,Fish,39,2025-03-25,705,East Robert,Vegetarian,Dinner
490,Salad,3,2025-03-24,563,East Angela,Non-Vegetarian,Snacks
491,Fruits,23,2025-03-25,139,Port Connie,Vegan,Lunch
492,Pasta,30,2025-03-28,295,Meghanfurt,Vegetarian,Breakfast
493,Fish,26,2025-03-30,102,West Samantha,Vegetarian,Snacks
494,Bread,41,2025-03-24,129,Port Emily,Vegetarian,Breakfast
495,Pasta,34,2025-03-22,494,New Denise,Vegetarian,Dinner
496,Chicken,22,2025-03-28,552,Pearsonchester,Vegetarian,Dinner
497,Dairy,48,2025-03-27,709,South Kathryn,Vegetarian,Dinner
498,Rice,28,2025-03-16,507,Lake Diane,Non-Vegetarian,Snacks
499,Salad,6,2025-03-23,154,New John,Non-Vegetarian,Snacks
500,Pasta,14,2025-03-30,230,North Melanie,Vegan,Dinner
501,Chicken,27,2025-03-24,11,South Robert,Vegetarian,Lunch
502,Dairy,40,2025-03-19,123,East Meganfort,Vegan,Lunch
503,Rice,40,2025-03-29,861,Lake Kendramouth,Non-Vegetarian,Snacks
504,Rice,28,2025-03-30,227,Derekport,Vegetarian,Lunch
505,Pasta,12,2025-03-22,494,New Denise,Vegetarian,Snacks
506,Fruits,37,2025-03-29,793,West Brandon,Non-Vegetarian,Snacks
507,Chicken,43,2025-03-26,968,Christopherton,Vegetarian,Lunch
508,Dairy,42,2025-03-18,176,East John,Vegan,Lunch
509,Dairy,18,2025-03-17,980,Port Melissa,Non-Vegetarian,Snacks
510,Salad,33,2025-03-28,697,Padillatown,Non-Vegetarian,Dinner
511,Salad,25,2025-03-27,879,Lake Michael,Vegan,Snacks
512,Chicken,20,2025-03-27,911,Garciatown,Vegetarian,Lunch
513,Fruits,49,2025-03-18,255,Crystalborough,Vegetarian,Snacks
514,Salad,20,2025-03-24,880,Sheenashire,Vegetarian,Snacks
515,Dairy,10,2025-03-27,725,New Evanport,Vegan,Lunch
516,Fish,24,2025-03-23,846,South Thomasville,Non-Vegetarian,Breakfast
517,Dairy,4,2025-03-26,45,East Deniseborough,Vegan,Dinner
518,Fruits,46,2025-03-22,210,Paulmouth,Vegan,Lunch
519,Pasta,43,2025-03-26,7,Lake Christopherburgh,Non-Vegetarian,Lunch
520,Fish,23,2025-03-25,559,New Baileyfort,Non-Vegetarian,Breakfast
521,Vegetables,23,2025-03-17,792,Mortonfort,Vegan,Snacks
522,Rice,7,2025-03-22,783,Port Melanie,Vegetarian,Lunch
523,Salad,29,2025-03-22,351,South Stefanietown,Non-Vegetarian,Lunch
524,Soup,25,2025-03-18,387,West Juliabury,Vegan,Snacks
525,Soup,30,2025-03-16,717,Pamelaberg,Vegetarian,Lunch
526,Rice,11,2025-03-30,883,New Jacob,Vegetarian,Lunch
527,Dairy,3,2025-03-23,674,Anthonyhaven,Non-Vegetarian,Snacks
528,Chicken,6,2025-03-27,677,Williamsmouth,Vegan,Snacks
529,Dairy,48,2025-03-17,901,West Melissastad,Non-Vegetarian,Dinner
530,Soup,32,2025-03-27,583,Marcstad,Vegetarian,Breakfast
531,Salad,42,2025-03-17,57,Port Robin,Vegan,Lunch
532,Bread,50,2025-03-20,550,Timothychester,Non-Vegetarian,Breakfast
533,Fruits,25,2025-03-17,273,New Carol,Vegetarian,Breakfast
534,Vegetables,34,2025-03-30,223,Longland,Non-Vegetarian,Dinner
535,Fish,24,2025-03-29,668,Salinasville,Vegan,Snacks
536,Rice,13,2025-03-19,683,Christinetown,Vegan,Dinner
537,Salad,9,2025-03-17,949,Lake Deborah,Vegetarian,Breakfast
538,Dairy,18,2025-03-29,840,Cisnerostown,Vegetarian,Lunch
539,Vegetables,14,2025-03-22,161,Perezport,Vegetarian,Breakfast
540,Soup,33,2025-03-22,31,South Kellyberg,Non-Vegetarian,Snacks
541,Vegetables,12,2025-03-29,549,East Deborah,Vegan,Dinner
542,Bread,7,2025-03-26,926,North Chase,Vegetarian,Lunch
543,Fruits,9,2025-03-26,526,South Tylerstad,Vegan,Dinner
544,Soup,36,2025-03-30,551,East Sandratown,Non-Vegetarian,Dinner
545,Pasta,23,2025-03-29,984,South Edwardtown,Vegetarian,Snacks
546,Pasta,33,2025-03-24,116,Moseshaven,Vegan,Snacks
547,Chicken,26,2025-03-23,825,South Bryan,Vegan,Snacks
548,Fish,26,2025-03-19,714,North William,Vegan,Snacks
549,Rice,34,2025-03-23,631,North Kevinhaven,Non-Vegetarian,Breakfast
550,Rice,16,2025-03-29,836,New Ninashire,Vegan,Dinner
551,Chicken,4,2025-03-26,245,Lake Heather,Vegan,Lunch
552,Dairy,44,2025-03-21,98,Gardnerfort,Vegetarian,Dinner
553,Salad,36,2025-03-24,93,New Daniel,Vegan,Breakfast
554,Soup,31,2025-03-20,754,North Sharonburgh,Non-Vegetarian,Breakfast
555,Dairy,47,2025-03-20,371,Solisburgh,Vegan,Breakfast
556,Fish,48,2025-03-21,938,Hollyhaven,Vegan,Lunch
557,Vegetables,20,2025-03-30,169,Lindseyland,Non-Vegetarian,Dinner
558,Chicken,32,2025-03-20,267,Port Kevinburgh,Vegetarian,Snacks
559,Salad,18,2025-03-22,814,Allenborough,Vegan,Dinner
560,Fruits,41,2025-03-18,850,North Stevenbury,Non-Vegetarian,Snacks
561,Pasta,47,2025-03-20,861,Lake Kendramouth,Non-Vegetarian,Lunch
562,Dairy,3,2025-03-30,906,West Kevin,Vegan,Dinner
563,Pasta,37,2025-03-19,554,Brandyberg,Non-Vegetarian,Lunch
564,Fish,29,2025-03-28,518,Anneville,Non-Vegetarian,Lunch
565,Pasta,36,2025-03-24,41,Bentleyburgh,Non-Vegetarian,Lunch
566,Fish,8,2025-03-17,328,Port Rubenville,Vegan,Lunch
567,Bread,3,2025-03-28,234,New Joel,Vegetarian,Breakfast
568,Fruits,11,2025-03-29,709,South Kathryn,Non-Vegetarian,Breakfast
569,Fish,20,2025-03-25,68,North Elizabeth,Vegan,Lunch
570,Vegetables,8,2025-03-16,659,East Lori,Non-Vegetarian,Breakfast
571,Salad,39,2025-03-18,49,Lake Traceyburgh,Non-Vegetarian,Breakfast
572,Bread,46,2025-03-22,212,Port Markview,Vegetarian,Dinner
573,Fish,40,2025-03-30,111,South Davidside,Vegetarian,Snacks
574,Vegetables,17,2025-03-29,239,South Bradleyburgh,Non-Vegetarian,Breakfast
575,Pasta,15,2025-03-18,88,Salastown,Non-Vegetarian,Breakfast
576,Salad,35,2025-03-24,786,Basstown,Non-Vegetarian,Lunch
577,Bread,30,2025-03-29,161,Perezport,Non-Vegetarian,Dinner
578,Salad,27,2025-03-29,285,West Corey,Vegan,Snacks
579,Dairy,44,2025-03-24,885,Lake Stephen,Vegetarian,Breakfast
580,Rice,21,2025-03-24,497,Chelseyfort,Non-Vegetarian,Snacks
581,Salad,8,2025-03-20,656,South Tiffanyfort,Vegetarian,Breakfast
582,Soup,44,2025-03-20,501,Jordanhaven,Vegetarian,Snacks
583,Vegetables,44,2025-03-23,938,Hollyhaven,Non-Vegetarian,Dinner
584,Salad,16,2025-03-30,590,Richchester,Non-Vegetarian,Snacks
585,Rice,3,2025-03-26,514,Maxwellburgh,Vegetarian,Breakfast
586,Vegetables,37,2025-03-18,54,Lake Rachael,Vegetarian,Breakfast
587,Fruits,22,2025-03-21,192,Leslieville,Non-Vegetarian,Dinner
588,Dairy,31,2025-03-27,709,South Kathryn,Non-Vegetarian,Breakfast
589,Rice,49,2025-03-20,20,East Samantha,Vegetarian,Dinner
590,Fruits,11,2025-03-28,56,Michaelview,Vegan,Snacks
591,Fruits,19,2025-03-28,154,New John,Vegetarian,Breakfast
592,Rice,13,2025-03-23,341,Lake Ryanbury,Vegan,Lunch
593,Soup,2,2025-03-23,515,Snyderton,Vegan,Lunch
594,Chicken,35,2025-03-28,140,Watsonstad,Non-Vegetarian,Breakfast
595,Salad,42,2025-03-19,358,South Crystalberg,Vegan,Lunch
596,Fish,44,2025-03-29,158,North Crystal,Non-Vegetarian,Lunch
597,Dairy,12,2025-03-20,563,East Angela,Vegetarian,Lunch
598,Rice,19,2025-03-27,981,West Stevenport,Non-Vegetarian,Lunch
599,Fruits,19,2025-03-30,232,Muellermouth,Vegetarian,Lunch
600,Rice,39,2025-03-24,505,Chelseaside,Non-Vegetarian,Snacks
601,Vegetables,9,2025-03-27,140,Watsonstad,Vegan,Snacks
602,Chicken,15,2025-03-25,913,Erikatown,Non-Vegetarian,Breakfast
603,Rice,37,2025-03-28,858,Johnsonborough,Non-Vegetarian,Lunch
604,Pasta,47,2025-03-27,578,Port Carrie,Vegan,Breakfast
605,Vegetables,20,2025-03-23,429,Lake Benjamin,Vegetarian,Dinner
606,Pasta,36,2025-03-22,932,New Ginaborough,Vegetarian,Dinner
607,Vegetables,23,2025-03-20,556,Brittanyland,Vegetarian,Dinner
608,Vegetables,27,2025-03-28,17,West Dawn,Non-Vegetarian,Dinner
609,Bread,38,2025-03-23,541,West Karen,Vegetarian,Breakfast
610,Pasta,13,2025-03-30,477,East Jacobchester,Non-Vegetarian,Breakfast
611,Vegetables,40,2025-03-30,993,East Stephanie,Vegetarian,Snacks
612,Vegetables,45,2025-03-17,874,Priceland,Non-Vegetarian,Lunch
613,Bread,42,2025-03-20,592,North Brendaborough,Vegetarian,Dinner
614,Salad,43,2025-03-16,146,Jonathanhaven,Vegan,Lunch
615,Salad,11,2025-03-23,104,Lake Theresa,Vegetarian,Breakfast
616,Fish,35,2025-03-20,735,Westmouth,Non-Vegetarian,Dinner
617,Soup,27,2025-03-18,507,Lake Diane,Vegetarian,Lunch
618,Soup,9,2025-03-18,929,Lake Richardhaven,Non-Vegetarian,Dinner
619,Pasta,46,2025-03-29,725,New Evanport,Vegan,Snacks
620,Chicken,7,2025-03-20,497,Chelseyfort,Vegetarian,Dinner
621,Soup,23,2025-03-21,979,West Hunter,Non-Vegetarian,Lunch
622,Fish,17,2025-03-24,857,Jordanborough,Vegan,Snacks
623,Salad,38,2025-03-29,37,New Amanda,Vegetarian,Breakfast
624,Fish,10,2025-03-16,475,Bentonfurt,Non-Vegetarian,Breakfast
625,Rice,7,2025-03-22,632,Davidville,Vegan,Breakfast
626,Salad,37,2025-03-29,274,New Dawnborough,Non-Vegetarian,Breakfast
627,Vegetables,26,2025-03-17,890,Pereztown,Non-Vegetarian,Breakfast
628,Fish,5,2025-03-16,758,Port Patrick,Non-Vegetarian,Snacks
629,Bread,33,2025-03-20,694,Amandashire,Vegan,Breakfast
630,Bread,39,2025-03-25,478,Lake Regina,Vegan,Snacks
631,Pasta,49,2025-03-30,232,Muellermouth,Non-Vegetarian,Dinner
632,Fruits,45,2025-03-25,850,North Stevenbury,Vegan,Breakfast
633,Salad,19,2025-03-28,922,Lake Michael,Vegan,Snacks
634,Bread,40,2025-03-16,205,Carlbury,Non-Vegetarian,Breakfast
635,Pasta,18,2025-03-26,251,East Terrancemouth,Vegetarian,Dinner
636,Fish,11,2025-03-25,687,North James,Non-Vegetarian,Lunch
637,Chicken,49,2025-03-30,873,East Sonyaport,Non-Vegetarian,Lunch
638,Rice,12,2025-03-21,421,Kylehaven,Non-Vegetarian,Dinner
639,Salad,5,2025-03-20,60,Wilsonport,Non-Vegetarian,Lunch
640,Pasta,2,2025-03-17,422,Smithfort,Non-Vegetarian,Breakfast
641,Bread,9,2025-03-30,692,South Andrewport,Vegan,Snacks
642,Chicken,38,2025-03-29,365,West Robert,Non-Vegetarian,Dinner
643,Salad,8,2025-03-23,240,Andreaborough,Vegan,Dinner
644,Bread,21,2025-03-18,42,East Nicholasbury,Non-Vegetarian,Snacks
645,Soup,34,2025-03-21,643,North Ebony,Vegetarian,Breakfast
646,Fruits,44,2025-03-17,417,East Ashleyshire,Vegetarian,Breakfast
647,Rice,1,2025-03-18,184,Velazquezview,Vegan,Snacks
648,Rice,42,2025-03-23,904,West Miaside,Non-Vegetarian,Breakfast
649,Dairy,8,2025-03-30,806,West Samuelfurt,Vegetarian,Lunch
650,Soup,40,2025-03-16,288,Maynardstad,Non-Vegetarian,Breakfast
651,Pasta,36,2025-03-16,72,Jasonstad,Non-Vegetarian,Snacks
652,Fruits,44,2025-03-23,634,Colemanton,Non-Vegetarian,Dinner
653,Soup,50,2025-03-25,573,New Thomasmouth,Non-Vegetarian,Breakfast
654,Bread,2,2025-03-26,765,South Douglashaven,Vegetarian,Dinner
655,Salad,46,2025-03-27,491,Samanthabury,Non-Vegetarian,Snacks
656,Bread,26,2025-03-25,432,Carolchester,Vegetarian,Dinner
657,Rice,14,2025-03-28,239,South Bradleyburgh,Vegan,Lunch
658,Vegetables,4,2025-03-26,769,Carrport,Non-Vegetarian,Dinner
659,Salad,4,2025-03-27,707,Laurietown,Non-Vegetarian,Dinner
660,Salad,42,2025-03-17,138,North Sherrimouth,Vegetarian,Snacks
661,Bread,12,2025-03-25,906,West Kevin,Vegan,Dinner
662,Soup,47,2025-03-30,498,East Craig,Vegan,Snacks
663,Dairy,42,2025-03-24,315,Lake Andrewmouth,Vegan,Snacks
664,Bread,34,2025-03-20,327,Villaborough,Non-Vegetarian,Breakfast
665,Pasta,7,2025-03-18,142,Mitchellmouth,Vegan,Dinner
666,Vegetables,47,2025-03-21,835,Thorntonbury,Non-Vegetarian,Dinner
667,Soup,30,2025-03-21,961,New Amanda,Vegetarian,Lunch
668,Salad,48,2025-03-20,357,Donnaborough,Non-Vegetarian,Snacks
669,Vegetables,14,2025-03-27,164,Sylviabury,Vegetarian,Dinner
670,Salad,37,2025-03-24,289,Toddstad,Non-Vegetarian,Snacks
671,Salad,49,2025-03-24,498,East Craig,Vegetarian,Breakfast
672,Bread,2,2025-03-24,555,South Brenda,Vegetarian,Snacks
673,Rice,28,2025-03-20,677,Williamsmouth,Vegan,Lunch
674,Vegetables,34,2025-03-17,518,Anneville,Vegetarian,Lunch
675,Soup,25,2025-03-26,117,Amberton,Vegan,Dinner
676,Soup,15,2025-03-23,577,Lake Donna,Non-Vegetarian,Dinner
677,Dairy,43,2025-03-16,672,North Mariahchester,Vegan,Breakfast
678,Pasta,8,2025-03-24,177,South Nicholasville,Vegetarian,Snacks
679,Bread,24,2025-03-24,698,Phillipsmouth,Non-Vegetarian,Snacks
680,Dairy,47,2025-03-23,499,Jonathanstad,Non-Vegetarian,Snacks
681,Bread,28,2025-03-27,616,Clarkberg,Non-Vegetarian,Breakfast
682,Pasta,30,2025-03-25,87,West Adam,Vegetarian,Snacks
683,Soup,28,2025-03-18,726,Shortfurt,Vegetarian,Dinner
684,Rice,39,2025-03-29,221,Walterborough,Vegetarian,Snacks
685,Rice,39,2025-03-18,332,West Whitneymouth,Vegetarian,Dinner
686,Salad,15,2025-03-28,707,Laurietown,Vegetarian,Dinner
687,Pasta,5,2025-03-29,326,Lake Alicia,Vegan,Lunch
688,Salad,6,2025-03-22,536,South Donald,Vegan,Snacks
689,Pasta,34,2025-03-21,350,Port Dustin,Vegetarian,Breakfast
690,Fruits,43,2025-03-16,779,New Bobbytown,Vegetarian,Breakfast
691,Rice,21,2025-03-28,65,Lake Raymondton,Vegan,Dinner
692,Bread,8,2025-03-17,332,West Whitneymouth,Non-Vegetarian,Dinner
693,Chicken,6,2025-03-24,563,East Angela,Vegetarian,Dinner
694,Bread,50,2025-03-22,995,Manningshire,Vegetarian,Dinner
695,Fruits,17,2025-03-23,176,East John,Vegetarian,Breakfast
696,Rice,26,2025-03-24,752,East Heatherport,Non-Vegetarian,Snacks
697,Chicken,42,2025-03-21,817,Walterton,Vegan,Breakfast
698,Rice,16,2025-03-22,872,Ramosville,Non-Vegetarian,Lunch
699,Salad,32,2025-03-16,777,Wilsonview,Non-Vegetarian,Dinner
700,Dairy,10,2025-03-17,840,Cisnerostown,Vegan,Breakfast
701,Salad,33,2025-03-19,192,Leslieville,Vegetarian,Lunch
702,Bread,6,2025-03-25,806,West Samuelfurt,Vegan,Snacks
703,Salad,35,2025-03-29,784,Gibsonfort,Vegetarian,Breakfast
704,Chicken,43,2025-03-27,518,Anneville,Non-Vegetarian,Lunch
705,Fruits,39,2025-03-30,199,Christinamouth,Non-Vegetarian,Breakfast
706,Dairy,45,2025-03-22,224,East Lindsayville,Non-Vegetarian,Dinner
707,Soup,29,2025-03-22,625,East Lisa,Vegetarian,Dinner
708,Rice,17,2025-03-22,800,East Amyfurt,Vegan,Lunch
709,Chicken,15,2025-03-20,127,Jasonland,Vegetarian,Breakfast
710,Chicken,41,2025-03-22,970,Jeffreybury,Non-Vegetarian,Lunch
711,Pasta,25,2025-03-17,632,Davidville,Vegan,Breakfast
712,Pasta,31,2025-03-18,263,Chambersfort,Non-Vegetarian,Dinner
713,Fish,7,2025-03-26,108,East Austin,Vegan,Snacks
714,Pasta,5,2025-03-25,928,Zimmermanton,Vegetarian,Lunch
715,Soup,21,2025-03-23,46,South Lisaberg,Non-Vegetarian,Breakfast
716,Dairy,29,2025-03-21,237,Frederickside,Vegetarian,Snacks
717,Salad,40,2025-03-16,108,East Austin,Non-Vegetarian,Breakfast
718,Vegetables,45,2025-03-28,801,North Joseph,Non-Vegetarian,Dinner
719,Pasta,44,2025-03-20,701,Browntown,Vegan,Snacks
720,Dairy,1,2025-03-27,849,South Christopherborough,Vegan,Snacks
721,Vegetables,20,2025-03-22,342,Matthewbury,Non-Vegetarian,Breakfast
722,Soup,43,2025-03-26,306,North Keith,Vegetarian,Dinner
723,Pasta,2,2025-03-25,762,West Lucasville,Vegetarian,Breakfast
724,Dairy,44,2025-03-18,459,Castilloport,Vegetarian,Lunch
725,Soup,47,2025-03-30,846,South Thomasville,Vegetarian,Breakfast
726,Soup,27,2025-03-22,719,East Cynthia,Vegetarian,Breakfast
727,Chicken,3,2025-03-18,285,West Corey,Vegetarian,Lunch
728,Dairy,28,2025-03-28,265,New Douglas,Vegetarian,Dinner
729,Rice,42,2025-03-30,253,Sharonton,Vegan,Lunch
730,Soup,15,2025-03-19,372,Lewisberg,Vegan,Lunch
731,Fruits,42,2025-03-30,324,East Elizabeth,Vegetarian,Snacks
732,Soup,29,2025-03-18,734,Port Anita,Vegan,Dinner
733,Pasta,31,2025-03-26,736,East Anthony,Vegetarian,Snacks
734,Vegetables,5,2025-03-27,125,Lake April,Non-Vegetarian,Lunch
735,Fish,2,2025-03-19,459,Castilloport,Non-Vegetarian,Snacks
736,Fruits,33,2025-03-24,792,Mortonfort,Non-Vegetarian,Snacks
737,Fish,3,2025-03-16,930,Kellytown,Non-Vegetarian,Snacks
738,Fruits,5,2025-03-24,793,West Brandon,Vegan,Snacks
739,Chicken,2,2025-03-28,186,Evansmouth,Vegan,Breakfast
740,Salad,6,2025-03-24,964,Connieside,Vegetarian,Lunch
741,Fish,21,2025-03-16,776,Williamview,Vegan,Breakfast
742,Dairy,3,2025-03-30,483,Millerview,Vegetarian,Breakfast
743,Chicken,46,2025-03-29,308,Brittanyside,Vegan,Breakfast
744,Fish,13,2025-03-17,456,North Katelyn,Non-Vegetarian,Snacks
745,Fruits,34,2025-03-18,961,New Amanda,Vegan,Breakfast
746,Bread,31,2025-03-30,293,Joneshaven,Non-Vegetarian,Lunch
747,Dairy,39,2025-03-19,238,North Julieburgh,Vegan,Lunch
748,Soup,17,2025-03-24,472,Rebeccaburgh,Vegetarian,Breakfast
749,Salad,32,2025-03-27,140,Watsonstad,Non-Vegetarian,Lunch
750,Bread,17,2025-03-25,613,Petersonburgh,Non-Vegetarian,Breakfast
751,Chicken,18,2025-03-25,720,Francisshire,Vegan,Snacks
752,Soup,12,2025-03-17,460,Lake Justin,Vegan,Breakfast
753,Fruits,19,2025-03-24,182,Port Jeffrey,Vegetarian,Breakfast
754,Dairy,37,2025-03-30,986,Port David,Non-Vegetarian,Dinner
755,Soup,4,2025-03-17,195,Justinhaven,Vegetarian,Dinner
756,Bread,5,2025-03-19,887,Strongmouth,Vegan,Snacks
757,Dairy,42,2025-03-21,282,Port Gregton,Vegetarian,Dinner
758,Rice,4,2025-03-26,989,North Lauren,Non-Vegetarian,Dinner
759,Chicken,36,2025-03-18,779,New Bobbytown,Non-Vegetarian,Snacks
760,Dairy,28,2025-03-26,710,Mikaylachester,Non-Vegetarian,Dinner
761,Dairy,46,2025-03-24,217,Mooremouth,Vegetarian,Snacks
762,Soup,4,2025-03-23,76,Port Amandamouth,Vegetarian,Snacks
763,Fish,33,2025-03-17,846,South Thomasville,Vegan,Snacks
764,Vegetables,21,2025-03-19,9,Tinamouth,Vegetarian,Breakfast
765,Soup,1,2025-03-28,161,Perezport,Vegan,Lunch
766,Chicken,17,2025-03-24,463,East Edwinburgh,Vegetarian,Breakfast
767,Salad,17,2025-03-27,952,Samueltown,Vegan,Dinner
768,Soup,39,2025-03-28,200,Bradleyport,Non-Vegetarian,Snacks
769,Chicken,27,2025-03-25,483,Millerview,Vegetarian,Lunch
770,Dairy,30,2025-03-30,770,East Melissa,Non-Vegetarian,Lunch
771,Chicken,9,2025-03-23,551,East Sandratown,Vegetarian,Dinner
772,Salad,37,2025-03-23,609,South Christopherborough,Vegan,Lunch
773,Fish,40,2025-03-20,509,Cordovaborough,Vegetarian,Dinner
774,Dairy,2,2025-03-16,788,New Michaelmouth,Vegan,Breakfast
775,Pasta,7,2025-03-17,204,Lake Lauraton,Vegetarian,Dinner
776,Chicken,33,2025-03-24,249,Johnsonside,Vegetarian,Dinner
777,Fruits,5,2025-03-18,709,South Kathryn,Vegetarian,Dinner
778,Dairy,7,2025-03-21,57,Port Robin,Non-Vegetarian,Snacks
779,Bread,43,2025-03-27,74,Belindaville,Vegan,Lunch
780,Dairy,48,2025-03-17,162,Penabury,Vegan,Snacks
781,Bread,45,2025-03-23,33,Janetborough,Vegan,Snacks
782,Rice,49,2025-03-28,566,New Rachel,Non-Vegetarian,Snacks
783,Rice,4,2025-03-20,455,Madisonfort,Vegetarian,Snacks
784,Bread,1,2025-03-26,335,North Gary,Non-Vegetarian,Dinner
785,Bread,10,2025-03-16,678,Lake Travis,Non-Vegetarian,Lunch
786,Rice,4,2025-03-30,959,North Victoriastad,Vegetarian,Dinner
787,Fish,48,2025-03-24,355,Port Patrick,Vegetarian,Dinner
788,Fish,26,2025-03-30,34,North Garybury,Vegan,Dinner
789,Chicken,10,2025-03-26,673,New Connorfort,Vegan,Snacks
790,Chicken,2,2025-03-21,332,West Whitneymouth,Vegan,Dinner
791,Soup,23,2025-03-29,152,South Jacobport,Vegetarian,Breakfast
792,Chicken,15,2025-03-17,308,Brittanyside,Vegan,Breakfast
793,Fruits,5,2025-03-24,824,Lopezport,Vegan,Snacks
794,Fruits,21,2025-03-27,380,Lake Christophermouth,Vegan,Snacks
795,Dairy,3,2025-03-19,911,Garciatown,Non-Vegetarian,Dinner
796,Pasta,8,2025-03-27,798,North Amanda,Vegetarian,Lunch
797,Dairy,40,2025-03-27,467,Phillipsfort,Vegan,Breakfast
798,Fish,3,2025-03-30,413,North Mike,Vegetarian,Lunch
799,Chicken,5,2025-03-17,764,New Travisshire,Vegetarian,Breakfast
800,Dairy,15,2025-03-20,193,North Lisaland,Vegan,Lunch
801,Chicken,50,2025-03-18,609,South Christopherborough,Vegan,Lunch
802,Soup,25,2025-03-22,62,Marymouth,Non-Vegetarian,Dinner
803,Chicken,13,2025-03-27,714,North William,Vegan,Snacks
804,Fruits,47,2025-03-27,16,West Vanessafort,Vegan,Breakfast
805,Chicken,1,2025-03-22,235,Gutierrezshire,Non-Vegetarian,Dinner
806,Soup,12,2025-03-27,388,Manuelhaven,Vegetarian,Dinner
807,Salad,35,2025-03-19,474,South Nicole,Vegetarian,Dinner
808,Dairy,7,2025-03-23,868,Rodriguezview,Vegetarian,Dinner
809,Dairy,48,2025-03-29,292,Mooneybury,Vegan,Breakfast
810,Bread,34,2025-03-16,993,East Stephanie,Vegan,Snacks
811,Salad,19,2025-03-27,513,West Larry,Non-Vegetarian,Dinner
812,Bread,49,2025-03-19,471,Charlesmouth,Non-Vegetarian,Lunch
813,Fish,33,2025-03-23,610,Allenton,Vegetarian,Breakfast
814,Bread,18,2025-03-17,287,Jefferyside,Vegan,Snacks
815,Pasta,50,2025-03-22,157,Bairdfort,Vegan,Snacks
816,Fruits,2,2025-03-17,965,Port Bryce,Vegetarian,Lunch
817,Rice,23,2025-03-28,363,East Brittanyland,Vegetarian,Snacks
818,Fish,50,2025-03-29,248,South Michellechester,Vegetarian,Dinner
819,Bread,35,2025-03-28,304,Port Marcland,Non-Vegetarian,Breakfast
820,Fruits,46,2025-03-27,753,South Randy,Non-Vegetarian,Lunch
821,Chicken,9,2025-03-24,167,Davidport,Non-Vegetarian,Lunch
822,Dairy,27,2025-03-25,237,Frederickside,Vegan,Lunch
823,Chicken,27,2025-03-21,587,Lake George,Vegan,Lunch
824,Bread,12,2025-03-27,993,East Stephanie,Vegetarian,Dinner
825,Salad,25,2025-03-25,995,Manningshire,Vegetarian,Breakfast
826,Bread,39,2025-03-17,50,West Danielborough,Vegan,Snacks
827,Salad,3,2025-03-23,907,South Marthahaven,Vegan,Snacks
828,Vegetables,21,2025-03-24,636,West Omarside,Non-Vegetarian,Breakfast
829,Dairy,44,2025-03-18,262,New Carol,Vegan,Dinner
830,Vegetables,3,2025-03-25,847,Williamsonmouth,Vegetarian,Snacks
831,Pasta,24,2025-03-22,330,Jamesport,Non-Vegetarian,Breakfast
832,Fish,19,2025-03-16,752,East Heatherport,Non-Vegetarian,Breakfast
833,Fruits,44,2025-03-17,146,Jonathanhaven,Non-Vegetarian,Dinner
834,Pasta,43,2025-03-18,531,North Kylestad,Vegetarian,Dinner
835,Vegetables,17,2025-03-29,752,East Heatherport,Vegetarian,Lunch
836,Salad,49,2025-03-16,685,Maysside,Vegan,Breakfast
837,Soup,50,2025-03-24,642,Lesterstad,Vegan,Snacks
838,Bread,38,2025-03-29,770,East Melissa,Vegetarian,Lunch
839,Chicken,6,2025-03-17,72,Jasonstad,Vegan,Lunch
840,Dairy,43,2025-03-16,548,Lisamouth,Vegan,Snacks
841,Chicken,15,2025-03-25,532,Darrylchester,Vegan,Lunch
842,Bread,40,2025-03-21,205,Carlbury,Vegan,Breakfast
843,Fruits,46,2025-03-24,515,Snyderton,Vegetarian,Dinner
844,Fish,46,2025-03-29,495,Brownshire,Non-Vegetarian,Dinner
845,Bread,14,2025-03-20,718,Port Victoria,Non-Vegetarian,Dinner
846,Salad,34,2025-03-19,894,Cannonside,Vegan,Snacks
847,Pasta,29,2025-03-21,887,Strongmouth,Vegan,Dinner
848,Dairy,32,2025-03-25,426,Taylorchester,Non-Vegetarian,Dinner
849,Pasta,29,2025-03-21,563,East Angela,Vegan,Breakfast
850,Dairy,22,2025-03-26,67,Kentland,Vegan,Breakfast
851,Fruits,35,2025-03-18,516,New Aaronberg,Non-Vegetarian,Snacks
852,Vegetables,49,2025-03-20,363,East Brittanyland,Non-Vegetarian,Snacks
853,Rice,18,2025-03-27,841,Lake Tamara,Vegan,Snacks
854,Fish,33,2025-03-22,804,North Ashley,Vegan,Breakfast
855,Salad,28,2025-03-25,596,Zimmermanville,Vegetarian,Lunch
856,Rice,44,2025-03-23,501,Jordanhaven,Vegetarian,Snacks
857,Pasta,47,2025-03-17,97,Reyesshire,Vegetarian,Dinner
858,Fruits,13,2025-03-22,413,North Mike,Non-Vegetarian,Snacks
859,Pasta,1,2025-03-26,319,Lake Amymouth,Non-Vegetarian,Breakfast
860,Fish,37,2025-03-17,934,Steveport,Vegetarian,Lunch
861,Dairy,45,2025-03-26,937,Roachhaven,Non-Vegetarian,Dinner
862,Dairy,4,2025-03-19,237,Frederickside,Non-Vegetarian,Lunch
863,Fruits,30,2025-03-20,57,Port Robin,Vegan,Breakfast
864,Soup,11,2025-03-28,741,West Anthonymouth,Vegetarian,Snacks
865,Fish,25,2025-03-20,837,South Charles,Non-Vegetarian,Snacks
866,Fish,7,2025-03-29,169,Lindseyland,Vegetarian,Dinner
867,Soup,1,2025-03-21,870,New Hollyfurt,Vegetarian,Snacks
868,Soup,4,2025-03-22,504,Gaineschester,Non-Vegetarian,Snacks
869,Fish,27,2025-03-20,40,Jennifertown,Vegan,Snacks
870,Fish,3,2025-03-30,653,Cameronside,Vegetarian,Breakfast
871,Chicken,7,2025-03-16,875,South William,Non-Vegetarian,Lunch
872,Vegetables,50,2025-03-29,717,Pamelaberg,Vegetarian,Snacks
873,Rice,49,2025-03-29,712,Huberstad,Vegan,Lunch
874,Bread,45,2025-03-17,655,Jimmyberg,Non-Vegetarian,Snacks
875,Bread,19,2025-03-29,721,Port Staceymouth,Non-Vegetarian,Breakfast
876,Salad,38,2025-03-20,78,North Susan,Vegan,Snacks
877,Chicken,8,2025-03-20,374,Steeleport,Non-Vegetarian,Lunch
878,Rice,23,2025-03-29,17,West Dawn,Non-Vegetarian,Snacks
879,Chicken,21,2025-03-25,778,Edwardsbury,Non-Vegetarian,Dinner
880,Soup,35,2025-03-25,954,Randallchester,Vegetarian,Lunch
881,Dairy,43,2025-03-17,655,Jimmyberg,Vegetarian,Lunch
882,Salad,43,2025-03-23,138,North Sherrimouth,Vegan,Lunch
883,Bread,8,2025-03-23,857,Jordanborough,Vegetarian,Lunch
884,Chicken,27,2025-03-28,371,Solisburgh,Vegetarian,Lunch
885,Rice,44,2025-03-22,503,Joseville,Vegan,Lunch
886,Bread,48,2025-03-20,423,South Justinborough,Vegetarian,Breakfast
887,Soup,12,2025-03-21,825,South Bryan,Vegetarian,Lunch
888,Salad,6,2025-03-25,50,West Danielborough,Non-Vegetarian,Snacks
889,Soup,21,2025-03-16,266,Port Ronaldshire,Vegan,Snacks
890,Chicken,40,2025-03-28,41,Bentleyburgh,Vegan,Lunch
891,Chicken,9,2025-03-18,539,Watsonton,Vegetarian,Lunch
892,Bread,42,2025-03-19,405,Kevinfort,Vegetarian,Dinner
893,Salad,3,2025-03-28,46,South Lisaberg,Vegan,Lunch
894,Pasta,43,2025-03-25,310,Saraburgh,Vegetarian,Dinner
895,Pasta,38,2025-03-29,888,West Sharonview,Vegan,Snacks
896,Vegetables,32,2025-03-18,547,Batesstad,Vegetarian,Snacks
897,Chicken,5,2025-03-20,638,Jeffreyport,Non-Vegetarian,Lunch
898,Fish,28,2025-03-27,87,West Adam,Non-Vegetarian,Breakfast
899,Pasta,44,2025-03-29,5,Valentineside,Vegetarian,Snacks
900,Dairy,31,2025-03-29,732,Ginaview,Non-Vegetarian,Breakfast
901,Vegetables,38,2025-03-26,183,South Anne,Vegetarian,Dinner
902,Salad,34,2025-03-30,347,Louismouth,Vegan,Snacks
903,Rice,25,2025-03-30,452,New Erica,Vegetarian,Breakfast
904,Chicken,40,2025-03-22,709,South Kathryn,Vegetarian,Breakfast
905,Bread,37,2025-03-25,2,East Sheena,Vegan,Dinner
906,Soup,17,2025-03-30,191,Lake Jessicamouth,Vegan,Snacks
907,Chicken,17,2025-03-16,175,Katherinefurt,Vegan,Lunch
908,Rice,16,2025-03-27,463,East Edwinburgh,Non-Vegetarian,Snacks
909,Fish,10,2025-03-28,831,Lewishaven,Vegan,Snacks
910,Salad,37,2025-03-19,533,Rogersmouth,Vegetarian,Breakfast
911,Fish,5,2025-03-21,124,Lake Shelby,Vegetarian,Dinner
912,Dairy,6,2025-03-28,334,South Jillshire,Non-Vegetarian,Breakfast
913,Fruits,39,2025-03-22,962,Alexanderchester,Vegetarian,Dinner
914,Chicken,18,2025-03-27,995,Manningshire,Vegan,Dinner
915,Vegetables,35,2025-03-22,198,Port Karen,Non-Vegetarian,Snacks
916,Rice,47,2025-03-16,920,New Calebberg,Non-Vegetarian,Snacks
917,Soup,15,2025-03-28,393,Heatherview,Vegan,Dinner
918,Dairy,8,2025-03-29,583,Marcstad,Vegetarian,Breakfast
919,Soup,35,2025-03-26,52,Port Dianaberg,Non-Vegetarian,Dinner
920,Soup,2,2025-03-19,691,Youngchester,Vegetarian,Snacks
921,Chicken,6,2025-03-26,59,Marissaville,Vegetarian,Snacks
922,Soup,32,2025-03-22,312,North Ianbury,Non-Vegetarian,Dinner
923,Fruits,42,2025-03-24,161,Perezport,Vegan,Snacks
924,Fish,3,2025-03-20,764,New Travisshire,Vegetarian,Dinner
925,Salad,12,2025-03-26,665,West Billborough,Non-Vegetarian,Lunch
926,Rice,41,2025-03-16,240,Andreaborough,Vegetarian,Snacks
927,Fruits,39,2025-03-26,261,South Richardhaven,Vegetarian,Snacks
928,Bread,20,2025-03-20,852,East Shanestad,Vegetarian,Breakfast
929,Bread,23,2025-03-26,181,Taylormouth,Vegan,Lunch
930,Chicken,33,2025-03-18,983,Herbertbury,Vegan,Lunch
931,Vegetables,49,2025-03-23,139,Port Connie,Vegan,Snacks
932,Pasta,11,2025-03-18,857,Jordanborough,Vegetarian,Dinner
933,Dairy,17,2025-03-30,478,Lake Regina,Non-Vegetarian,Lunch
934,Salad,50,2025-03-29,951,Spenceland,Vegan,Breakfast
935,Vegetables,24,2025-03-25,608,Collinsmouth,Vegetarian,Dinner
936,Chicken,32,2025-03-30,381,Martinville,Non-Vegetarian,Breakfast
937,Bread,18,2025-03-27,916,Patrickfort,Non-Vegetarian,Lunch
938,Vegetables,7,2025-03-22,162,Penabury,Vegan,Breakfast
939,Rice,45,2025-03-18,983,Herbertbury,Non-Vegetarian,Dinner
940,Fish,36,2025-03-27,890,Pereztown,Vegan,Lunch
941,Fish,1,2025-03-16,745,East Lisa,Vegan,Lunch
942,Rice,44,2025-03-30,591,New Leslieport,Vegan,Dinner
943,Bread,13,2025-03-19,413,North Mike,Vegan,Lunch
944,Vegetables,41,2025-03-17,807,Williamland,Vegan,Breakfast
945,Vegetables,16,2025-03-21,351,South Stefanietown,Vegetarian,Breakfast
946,Vegetables,29,2025-03-26,146,Jonathanhaven,Vegan,Breakfast
947,Bread,29,2025-03-19,176,East John,Vegetarian,Breakfast
948,Fruits,50,2025-03-29,421,Kylehaven,Vegan,Breakfast
949,Pasta,15,2025-03-20,632,Davidville,Vegetarian,Breakfast
950,Pasta,3,2025-03-27,619,North Katelynland,Vegetarian,Snacks
951,Vegetables,20,2025-03-16,118,Lake Joseph,Vegan,Lunch
952,Pasta,32,2025-03-28,82,West Lauraborough,Vegan,Dinner
953,Soup,2,2025-03-29,731,East Christophertown,Vegetarian,Breakfast
954,Rice,36,2025-03-25,780,North Caitlin,Vegan,Lunch
955,Soup,26,2025-03-26,276,Port Eric,Non-Vegetarian,Snacks
956,Chicken,39,2025-03-30,626,Heathermouth,Vegan,Snacks
957,Fish,39,2025-03-22,10,West Cherylfort,Vegan,Lunch
958,Soup,19,2025-03-20,794,Woodport,Vegetarian,Lunch
959,Pasta,26,2025-03-18,758,Port Patrick,Vegan,Breakfast
960,Fish,46,2025-03-27,920,New Calebberg,Vegetarian,Snacks
961,Soup,22,2025-03-25,66,Lake Michaelfurt,Non-Vegetarian,Lunch
962,Soup,13,2025-03-28,62,Marymouth,Vegetarian,Breakfast
963,Fish,33,2025-03-16,827,East Kimberly,Vegan,Dinner
964,Rice,46,2025-03-25,192,Leslieville,Vegan,Dinner
965,Dairy,44,2025-03-24,791,West James,Vegetarian,Lunch
966,Dairy,41,2025-03-25,705,East Robert,Vegan,Snacks
967,Fruits,34,2025-03-16,357,Donnaborough,Vegan,Snacks
968,Rice,45,2025-03-17,789,Lake Maria,Non-Vegetarian,Lunch
969,Soup,50,2025-03-21,208,East Garyton,Non-Vegetarian,Lunch
970,Fruits,26,2025-03-20,62,Marymouth,Vegetarian,Breakfast
971,Fish,7,2025-03-18,751,East Richardside,Vegetarian,Snacks
972,Vegetables,21,2025-03-23,984,South Edwardtown,Vegetarian,Dinner
973,Fruits,7,2025-03-16,519,Keithburgh,Non-Vegetarian,Breakfast
974,Chicken,45,2025-03-17,393,Heatherview,Non-Vegetarian,Lunch
975,Fish,48,2025-03-19,5,Valentineside,Non-Vegetarian,Lunch
976,Vegetables,41,2025-03-19,738,West Kelli,Non-Vegetarian,Lunch
977,Vegetables,12,2025-03-19,514,Maxwellburgh,Vegan,Dinner
978,Dairy,14,2025-03-27,743,South Richard,Vegetarian,Snacks
979,Pasta,43,2025-03-16,584,Moralesside,Vegetarian,Lunch
980,Chicken,2,2025-03-27,876,Brookeland,Vegan,Dinner
981,Dairy,47,2025-03-18,999,Stevenchester,Vegan,Breakfast
982,Soup,36,2025-03-19,7,Lake Christopherburgh,Vegetarian,Breakfast
983,Fruits,43,2025-03-22,98,Gardnerfort,Vegetarian,Lunch
984,Chicken,26,2025-03-23,234,New Joel,Non-Vegetarian,Dinner
985,Bread,31,2025-03-16,935,Ramseyfort,Vegetarian,Dinner
986,Rice,23,2025-03-24,14,Garciamouth,Vegan,Snacks
987,Dairy,6,2025-03-29,557,East Aaron,Vegetarian,Dinner
988,Soup,44,2025-03-24,517,Wadeville,Vegan,Lunch
989,Bread,31,2025-03-19,557,East Aaron,Non-Vegetarian,Snacks
990,Pasta,11,2025-03-25,720,Francisshire,Vegetarian,Breakfast
991,Vegetables,7,2025-03-19,432,Carolchester,Vegetarian,Dinner
992,Salad,25,2025-03-26,257,Lake Coryhaven,Vegan,Breakfast
993,Soup,8,2025-03-28,470,Port Daniellechester,Vegetarian,Lunch
994,Salad,17,2025-03-29,37,New Amanda,Non-Vegetarian,Snacks
995,Rice,37,2025-03-23,868,Rodriguezview,Vegan,Snacks
996,Fish,15,2025-03-30,467,Phillipsfort,Vegan,Breakfast
997,Fish,22,2025-03-18,35,Andersonmouth,Vegetarian,Breakfast
998,Fruits,6,2025-03-22,444,New Billy,Non-Vegetarian,Dinner
999,Pasta,15,2025-03-30,702,Lake Mistyton,Non-Vegetarian,Lunch
1000,Salad,18,2025-03-19,155,Charlesview,Non-Vegetarian,Dinner
