"Provider_ID","Name","Type","City","number_of_donations","total_quantity_donated","average_donation_size","Contact_Number"
709,Barry Group,Restaurant,South Kathryn,6,179,29.83,+15335920009
306,"Evans, Wright and Mitchell",Catering Service,North Keith,4,158,39.50,"0017265689224"
655,Smith Group,Restaurant,Jimmyberg,5,150,30.00,"6941346616"
315,Nelson LLC,Restaurant,Lake Andrewmouth,4,142,35.50,+18590293911
678,Ruiz-Oneal,Grocery Store,Lake Travis,4,140,35.00,"5693630118"
499,Blankenship-Lewis,Catering Service,Jonathanstad,3,124,41.33,"6515522403"
161,Campbell LLC,Supermarket,Perezport,5,123,24.60,"0012114463315"
41,Kelly-Ware,Catering Service,Bentleyburgh,3,123,41.00,"0339697445"
262,Bradford-Martinez,Supermarket,New Carol,4,121,30.25,"1994510254"
146,Hampton-Lee,Supermarket,Jonathanhaven,3,116,38.67,"6631192623"
717,Shepherd and Sons,Catering Service,Pamelaberg,3,116,38.67,+15080279784
498,"Jones, Ortega and Rubio",Grocery Store,East Craig,3,115,38.33,"9935517736"
7,Ortiz-Lee,Restaurant,Lake Christopherburgh,3,114,38.00,"5638897190"
139,Johnson-Ray,Supermarket,Port Connie,3,113,37.67,"2946927978"
846,Miller Inc,Supermarket,South Thomasville,4,111,27.75,"3941445269"
938,Barker LLC,Restaurant,Hollyhaven,3,110,36.67,+15307802072
995,Moore Group,Supermarket,Manningshire,4,106,26.50,"8890938775"
518,"Hill, Davis and Stewart",Grocery Store,Anneville,3,106,35.33,+16089535542
752,Butler-Richardson,Grocery Store,East Heatherport,4,104,26.00,+12685052616
393,Steele Ltd,Restaurant,Heatherview,3,104,34.67,"0013000008103"
478,"Lopez, Roach and Roach",Catering Service,Lake Regina,3,102,34.00,"0017854483246"
251,Carter-Jones,Restaurant,East Terrancemouth,3,101,33.67,"8924125796"
192,"Hunter, Ballard and Caldwell",Catering Service,Leslieville,3,101,33.67,"0015945922116"
485,Baker-Mcdonald,Restaurant,East Andrea,3,99,33.00,"9335036294"
332,Cox LLC,Restaurant,West Whitneymouth,4,99,24.75,"0010181402068"
98,Hogan-Johnston,Supermarket,Gardnerfort,3,99,33.00,"1844726932"
242,Aguilar-Frederick,Restaurant,Michaelport,3,98,32.67,+10577527548
47,Wong-Reese,Supermarket,East Andrewland,3,98,32.67,"4836254097"
346,"Phillips, Wolfe and Martin",Grocery Store,Thomasville,3,97,32.33,"0015484134962"
888,Schmidt-Alexander,Supermarket,West Sharonview,3,97,32.33,"6160290456"
312,Garcia-Hunter,Restaurant,North Ianbury,4,97,24.25,"1507294411"
138,"Jones, Rojas and Brown",Grocery Store,North Sherrimouth,3,96,32.00,"4905193490"
826,"Rogers, Harmon and Gordon",Supermarket,Lake Karenfurt,3,96,32.00,"4211062871"
705,Brown-Stephens,Grocery Store,East Robert,3,96,32.00,"1191146136"
892,Flores-Wade,Grocery Store,Russellfurt,2,96,48.00,"5254924716"
4,"Clark, Prince and Williams",Grocery Store,Mendezmouth,3,96,32.00,"5569448935"
357,Carey PLC,Supermarket,Donnaborough,3,95,31.67,"0017340380600"
898,Wilson Group,Restaurant,Medinatown,2,94,47.00,"4943539272"
391,Lambert Ltd,Supermarket,South Jerryside,3,94,31.33,"3515425864"
920,"Hudson, Spence and Perez",Restaurant,New Calebberg,2,93,46.50,"2329447078"
308,Doyle LLC,Catering Service,Brittanyside,3,93,31.00,"0312154595"
5,Coleman-Farley,Grocery Store,Valentineside,2,92,46.00,"1937146577"
208,"Miller, Johnson and Fernandez",Restaurant,East Garyton,2,92,46.00,"9857900081"
770,Schneider-Suarez,Supermarket,East Melissa,3,92,30.67,"0015976582544"
237,"White, Crawford and Pearson",Supermarket,Frederickside,4,91,22.75,"9580167653"
783,Cooper LLC,Restaurant,Port Melanie,3,90,30.00,"0011209478177"
563,Daniels-Kim,Grocery Store,East Angela,5,90,18.00,"7876213654"
610,"Kelly, Cummings and Ward",Supermarket,Allenton,3,90,30.00,"7950787850"
384,Rogers-Warren,Grocery Store,Jamesfurt,3,89,29.67,"0014391956960"
210,Jones-Miller,Grocery Store,Paulmouth,3,88,29.33,"0286845516"
993,Mckinney Ltd,Restaurant,East Stephanie,4,88,22.00,"2259592378"
501,Davis-Kennedy,Grocery Store,Jordanhaven,2,88,44.00,"5980485675"
176,Allen-Mccullough,Restaurant,East John,3,88,29.33,"8921994982"
609,Torres-Dunlap,Restaurant,South Christopherborough,2,87,43.50,"0573421300"
861,"Rogers, Robbins and Cook",Grocery Store,Lake Kendramouth,2,87,43.50,"3870133363"
87,"Young, Townsend and Mccarthy",Grocery Store,West Adam,3,87,29.00,"0012865792810"
768,"Davis, Hughes and Leblanc",Restaurant,South Danielle,2,87,43.50,"4503882214"
850,"Cooper, Osborn and Clark",Grocery Store,North Stevenbury,2,86,43.00,"0015489304392"
417,"Glover, Wilson and Hudson",Restaurant,East Ashleyshire,2,86,43.00,"3150803138"
596,"Barnes, Castro and Curtis",Restaurant,Zimmermanville,3,84,28.00,"5075777566"
455,Rios Group,Catering Service,Madisonfort,3,82,27.33,"0037270894"
825,"Smith, Lynch and Anderson",Supermarket,South Bryan,3,82,27.33,+15607616843
290,"Webb, Phillips and Garcia",Supermarket,Bradleyport,2,81,40.50,"0014019433400"
847,"Pollard, Collins and Watson",Supermarket,Williamsonmouth,3,81,27.00,"2185056857"
205,Thompson Group,Grocery Store,Carlbury,2,80,40.00,"8581156375"
344,"Mcmillan, Gallegos and Perry",Catering Service,North Nicholas,2,80,40.00,"2477973341"
758,Todd Group,Catering Service,Port Patrick,3,79,26.33,"2367228623"
779,Maynard LLC,Supermarket,New Bobbytown,2,79,39.50,"4169749320"
723,Butler-Phillips,Supermarket,Jessicaland,2,79,39.50,+13663627376
57,Cook Group,Grocery Store,Port Robin,3,79,26.33,"9832957995"
910,Lee PLC,Restaurant,Leeburgh,2,79,39.50,"3465177901"
986,"Wilson, Harris and Mayo",Supermarket,Port David,2,78,39.00,+18753617836
983,"Munoz, Stone and Wallace",Grocery Store,Herbertbury,2,78,39.00,"0411353095"
703,Pierce Group,Catering Service,Lake Jamestown,2,78,39.00,+18434577096
584,Sanders-Hale,Supermarket,Moralesside,2,78,39.00,+16259384941
858,"Petersen, Morrison and Woods",Restaurant,Johnsonborough,2,78,39.00,+19781371967
1,Gonzales-Cochran,Supermarket,New Jessica,2,78,39.00,+16002200480
140,Zhang LLC,Restaurant,Watsonstad,3,76,25.33,"0019436798869"
750,Barnes and Sons,Supermarket,Michaelton,2,75,37.50,"5470404732"
71,Jones-Edwards,Restaurant,Ruizmouth,2,75,37.50,"0771058283"
484,Nelson-White,Restaurant,North Douglasfurt,2,75,37.50,"0015583809342"
354,Rowe-Arias,Catering Service,South Alicia,2,74,37.00,"0906494737"
371,"Montgomery, Dominguez and Hopkins",Grocery Store,Solisburgh,2,74,37.00,"5753948230"
407,Douglas and Sons,Restaurant,North Charlesside,2,74,37.00,"8836114618"
643,Dixon LLC,Supermarket,North Ebony,2,73,36.50,+12834225540
528,Baird PLC,Supermarket,Markport,3,73,24.33,"0019301226265"
253,Gonzales-Keith,Catering Service,Sharonton,2,73,36.50,"9864917149"
632,"Oliver, Ross and Johnson",Supermarket,Davidville,4,73,18.25,"0011798984092"
113,"Anderson, Nicholson and Bruce",Catering Service,East Elizabethberg,3,73,24.33,+12747200033
31,Thompson-Kerr,Grocery Store,South Kellyberg,2,72,36.00,"7866417043"
363,Henry-Terry,Catering Service,East Brittanyland,2,72,36.00,"2051686653"
785,Crane LLC,Catering Service,Lindseybury,3,71,23.67,"0010045455901"
231,Jackson-Robinson,Supermarket,North Tom,2,70,35.00,"0013417418533"
365,"Bray, Nguyen and Christensen",Restaurant,West Robert,2,70,35.00,"5899135215"
517,Porter Inc,Grocery Store,Wadeville,2,69,34.50,"8881413309"
835,Smith-Paul,Catering Service,Thorntonbury,2,69,34.50,"0012222875923"
685,Scott and Sons,Supermarket,Maysside,2,68,34.00,"0010858251185"
264,Holland and Sons,Catering Service,New Richard,2,68,34.00,"1844012586"
491,Wilkerson-Woods,Supermarket,Samanthabury,2,68,34.00,"3597678978"
287,Carr-Wells,Catering Service,Jefferyside,2,68,34.00,"5350179013"
232,"Snyder, Caldwell and Campbell",Supermarket,Muellermouth,2,68,34.00,"0012044016159"
196,Owens-Taylor,Restaurant,Bartonborough,2,67,33.50,+19771699906
890,"Simpson, Mcguire and Brown",Restaurant,Pereztown,3,66,22.00,"2744641201"
791,Aguilar Group,Grocery Store,West James,2,66,33.00,"3902570518"
970,"Lewis, Preston and Price",Catering Service,Jeffreybury,2,65,32.50,"6685913720"
554,Jackson Ltd,Restaurant,Brandyberg,2,65,32.50,"9207055617"
368,Smith-Villegas,Grocery Store,North Lindseychester,3,65,21.67,"0014679017553"
602,Cole LLC,Grocery Store,North Destiny,2,65,32.50,"0010783798075"
523,"Roberts, Howard and Bender",Restaurant,Lake Lorrainefort,2,65,32.50,+14143850073
319,"Davila, Green and Avila",Restaurant,Lake Amymouth,3,64,21.33,"2386104312"
387,Barrera-Ward,Grocery Store,West Juliabury,3,64,21.33,"9582420037"
54,"Bennett, Phillips and Green",Supermarket,Lake Rachael,2,64,32.00,"0013505800382"
863,Johnson-Mejia,Restaurant,Port Michael,2,64,32.00,"1457336977"
912,Morrison LLC,Catering Service,Blaketown,2,64,32.00,"7764203183"
221,Richardson Group,Supermarket,Walterborough,2,64,32.00,"9240997995"
347,"Hood, Hoffman and Wright",Supermarket,Louismouth,2,64,32.00,"9926973906"
62,"Mitchell, Campbell and Jones",Grocery Store,Marymouth,3,64,21.33,"0013560241560"
961,"Davis, Sanchez and Mendez",Restaurant,New Amanda,2,64,32.00,"0016966902244"
834,Bruce Inc,Supermarket,Harrishaven,2,63,31.50,"2580120928"
162,"Moore, Perez and Young",Restaurant,Penabury,3,63,21.00,"3454053372"
697,"Rodriguez, Thomas and Foster",Restaurant,Padillatown,2,63,31.50,"5643310431"
34,"Cooper, Smith and King",Grocery Store,North Garybury,2,63,31.50,+18121930704
897,Stephens-Braun,Catering Service,Villastad,2,62,31.00,"0017442823182"
967,Miller Inc,Grocery Store,Coleburgh,3,62,20.67,+19263869945
421,Glass Inc,Supermarket,Kylehaven,2,62,31.00,"2973221309"
874,Long-Alexander,Catering Service,Priceland,2,62,31.00,"3286380829"
459,Brown Ltd,Supermarket,Castilloport,3,62,20.67,"1646996716"
980,Baker Group,Restaurant,Port Melissa,2,62,31.00,"8088381022"
550,"Phelps, Graham and Hayes",Catering Service,Timothychester,3,61,20.33,"5128140594"
905,Ayers LLC,Restaurant,North Kennethshire,2,60,30.00,"9222133651"
101,Chambers-Waters,Restaurant,East Angelafort,2,60,30.00,"0012303223448"
631,"Mueller, Savage and Hudson",Supermarket,North Kevinhaven,2,60,30.00,"9955051664"
810,"Austin, Griffin and Ward",Catering Service,Lake Jason,2,59,29.50,"8775275031"
664,Caldwell PLC,Catering Service,Jeffreyshire,2,59,29.50,+16083272565
154,Smith-Turner,Supermarket,New John,3,59,19.67,"0010847090706"
330,Holloway-Koch,Restaurant,Jamesport,2,59,29.50,"3239747052"
906,Wright LLC,Supermarket,West Kevin,4,59,14.75,"0015153836029"
276,Hodge-Leblanc,Supermarket,Port Eric,2,58,29.00,"3692481031"
979,Gray PLC,Restaurant,West Hunter,2,57,28.50,"2091490656"
66,Lambert-Wilson,Restaurant,Lake Michaelfurt,2,57,28.50,+15526901512
999,Moody Ltd,Grocery Store,Stevenchester,2,57,28.50,"6373003664"
792,Rogers-Maldonado,Catering Service,Mortonfort,2,56,28.00,"3437280009"
201,Ramirez LLC,Catering Service,Sandrastad,2,56,28.00,"0019164374521"
725,"Nguyen, Chan and Brown",Grocery Store,New Evanport,2,56,28.00,"7476924848"
507,Rojas-Cook,Grocery Store,Lake Diane,2,55,27.50,+10193128887
904,Smith-Morales,Grocery Store,West Miaside,2,55,27.50,"4811622452"
432,Meyer and Sons,Restaurant,Carolchester,3,55,18.33,"0017386626338"
37,Phelps-Schmidt,Catering Service,New Amanda,2,55,27.50,"0010488861039"
467,"Wilson, Watkins and Moore",Catering Service,Phillipsfort,2,55,27.50,"7829440904"
460,"Gutierrez, Anthony and Shannon",Grocery Store,Lake Justin,3,55,18.33,"2924416283"
58,"Martin, Tyler and Wilkerson",Grocery Store,North Kevinhaven,2,55,27.50,+12877995933
389,Hunt-Lee,Grocery Store,Davidborough,2,54,27.00,"0016818020601"
2,"Nielsen, Johnson and Fuller",Grocery Store,East Sheena,2,53,26.50,+19252838901
288,Carlson-Mathis,Supermarket,Maynardstad,2,53,26.50,"5182573189"
108,Williams-Cox,Supermarket,East Austin,3,53,17.67,"0821142329"
135,Dyer Group,Catering Service,East Candace,2,53,26.50,"9069001026"
556,"Reyes, Houston and Esparza",Catering Service,Brittanyland,2,52,26.00,"7525269578"
419,"Hanson, Wilkerson and Lee",Supermarket,Port Peter,2,52,26.00,"7595355451"
538,Beck Inc,Restaurant,Jasonmouth,2,52,26.00,"9634844775"
117,"Morales, Wood and Cox",Restaurant,Amberton,2,52,26.00,"4680250721"
736,Reed LLC,Supermarket,East Anthony,2,52,26.00,"4275541262"
504,Small Ltd,Catering Service,Gaineschester,2,51,25.50,"1943075475"
353,Rose-Pearson,Grocery Store,North Aaron,2,51,25.50,"7355200971"
885,"Spears, Anderson and Huffman",Restaurant,Lake Stephen,2,51,25.50,"1906277080"
238,Decker Group,Grocery Store,North Julieburgh,2,50,25.00,+11523185664
909,"Gibbs, Green and Krause",Restaurant,Sheilaburgh,1,50,50.00,"0012287478247"
619,"Hopkins, Mora and Green",Grocery Store,North Katelynland,2,50,25.00,"0019655192456"
404,Schmidt Ltd,Restaurant,Brownchester,1,50,50.00,"3466470514"
951,"Hodge, Lee and Washington",Grocery Store,Spenceland,1,50,50.00,"2321569552"
573,Nelson Ltd,Supermarket,New Thomasmouth,1,50,50.00,"3371392882"
17,Miller Ltd,Catering Service,West Dawn,2,50,25.00,"8765379861"
642,Woodward-Jensen,Catering Service,Lesterstad,1,50,50.00,"4326706542"
157,"Rodriguez, Walker and Singleton",Restaurant,Bairdfort,1,50,50.00,"9981665324"
179,"Lucas, Bush and Miller",Supermarket,North Michelle,1,50,50.00,"3334774489"
494,"Anderson, Adams and Roberts",Supermarket,New Denise,3,50,16.67,+19411202190
185,"Horn, Johnson and Moore",Restaurant,Shirleyland,1,50,50.00,"5969932969"
248,"Oliver, Cross and Gilbert",Restaurant,South Michellechester,1,50,50.00,"0016076144871"
873,Parsons and Sons,Catering Service,East Sonyaport,1,49,49.00,"1694703250"
707,"Peterson, Lee and Moore",Supermarket,Laurietown,3,49,16.33,"7106238778"
20,Drake-Martinez,Catering Service,East Samantha,1,49,49.00,"0014542123510"
712,Payne Inc,Restaurant,Huberstad,1,49,49.00,"0011489214043"
343,"Harris, Perez and Willis",Catering Service,South Christopherborough,1,49,49.00,"5812816112"
153,Wu LLC,Restaurant,Hawkinsmouth,1,49,49.00,"3501915139"
403,Bradley-Smith,Grocery Store,Jeremiahfort,1,49,49.00,"8401075994"
240,Marshall Ltd,Catering Service,Andreaborough,2,49,24.50,+13143390357
255,"Chapman, Barrett and Lopez",Supermarket,Crystalborough,1,49,49.00,"1586809083"
566,Cole-Stein,Catering Service,New Rachel,1,49,49.00,"3221157175"
471,"Allen, Ramsey and Cortez",Grocery Store,Charlesmouth,1,49,49.00,"5944685130"
440,Martinez-Graham,Grocery Store,Elliottberg,1,48,48.00,"0019746929262"
763,Manning Ltd,Restaurant,Josephburgh,1,48,48.00,"1872863552"
840,Farmer Ltd,Restaurant,Cisnerostown,3,48,16.00,"9241475562"
515,"Bowers, Gonzalez and Simmons",Restaurant,Snyderton,2,48,24.00,+14011915365
423,Serrano-Lopez,Restaurant,South Justinborough,1,48,48.00,"2256887752"
908,Martinez-Young,Supermarket,East Phillipton,1,48,48.00,"4481824708"
551,"Holland, Caldwell and Oliver",Restaurant,East Sandratown,3,48,16.00,"6709609465"
901,Galvan Ltd,Supermarket,West Melissastad,1,48,48.00,"6379149942"
946,"Brock, Newton and Mccormick",Catering Service,Roystad,1,48,48.00,"6998493966"
355,Bowman LLC,Restaurant,Port Patrick,1,48,48.00,"0392632786"
702,Moreno-Melton,Supermarket,Lake Mistyton,2,48,24.00,"0010982977862"
928,Larson and Sons,Catering Service,Zimmermanton,2,48,24.00,"1528364864"
292,Lopez-Duffy,Supermarket,Mooneybury,1,48,48.00,"0483734973"
340,"Barry, Powers and White",Grocery Store,Murrayborough,2,47,23.50,"0238171166"
693,Salazar PLC,Restaurant,Raybury,1,47,47.00,"1805919657"
997,Garza-Williams,Catering Service,East Rossside,1,47,47.00,"0019244413963"
97,King-Snyder,Supermarket,Reyesshire,1,47,47.00,+14941770520
16,Brown and Sons,Catering Service,West Vanessafort,1,47,47.00,"0184710550"
63,"Fuller, Vincent and Fernandez",Supermarket,Mcclainfurt,1,47,47.00,"2686458829"
578,Vega Ltd,Catering Service,Port Carrie,1,47,47.00,"8290566503"
634,Morgan-Blackwell,Supermarket,Colemanton,2,47,23.50,"2542159233"
839,"Roth, Estrada and Vang",Grocery Store,Port Erin,1,47,47.00,"5238378597"
761,"Abbott, Brooks and Moreno",Catering Service,New Zachary,1,47,47.00,"6054445107"
871,"Burke, Yates and Hicks",Supermarket,Madelinechester,1,47,47.00,"8686211107"
1000,Jenkins-Brooks,Restaurant,Brendantown,1,47,47.00,"2663243458"
532,Johnson-Green,Grocery Store,Darrylchester,2,47,23.50,"0010905130319"
409,Ayala LLC,Grocery Store,East Roberthaven,1,46,46.00,"7148796195"
217,Williams Ltd,Supermarket,Mooremouth,1,46,46.00,"4174921015"
244,Chan-Elliott,Supermarket,Toddberg,2,46,23.00,"0213223933"
753,Lawrence-Clark,Supermarket,South Randy,1,46,46.00,"1221705452"
212,"Dennis, Parker and Sanchez",Supermarket,Port Markview,1,46,46.00,"9210655873"
273,Hammond LLC,Supermarket,New Carol,2,46,23.00,"0013244824894"
84,Atkins Group,Restaurant,Marthaside,1,46,46.00,+13186696985
74,Johnston Ltd,Catering Service,Belindaville,2,46,23.00,"5630753213"
495,"Barker, Gibbs and Lopez",Supermarket,Brownshire,1,46,46.00,"8977010648"
50,Perez-Williams,Catering Service,West Danielborough,2,45,22.50,"3058902191"
567,Clark-Taylor,Catering Service,Jonathanstad,1,45,45.00,"3857327137"
801,Black Group,Catering Service,North Joseph,1,45,45.00,"0019962387255"
789,Blair Group,Grocery Store,Lake Maria,1,45,45.00,"0011340298765"
33,"Miranda, Wilcox and Short",Restaurant,Janetborough,1,45,45.00,"7111364426"
351,Berry-Mack,Grocery Store,South Stefanietown,2,45,22.50,"7698721659"
202,Graham-Peters,Supermarket,Vazquezshire,1,45,45.00,+14913681719
937,Taylor Group,Restaurant,Roachhaven,1,45,45.00,"9033018467"
224,Hughes-Jackson,Restaurant,East Lindsayville,1,45,45.00,"9982920906"
158,Shepherd Group,Catering Service,North Crystal,1,44,44.00,"0017968316588"
701,Pearson-Barry,Restaurant,Browntown,1,44,44.00,+11323949769
616,Moore-Flowers,Restaurant,Clarkberg,3,44,14.67,"2563268681"
241,"Harper, Blake and Alexander",Catering Service,Devinmouth,3,44,14.67,"1443813923"
815,Brown-Butler,Grocery Store,Ashleyhaven,1,44,44.00,"5093901118"
984,Gamble-Davis,Catering Service,South Edwardtown,2,44,22.00,"2988680798"
591,Miller Inc,Grocery Store,New Leslieport,1,44,44.00,"9540494239"
29,Andrews-Wiley,Grocery Store,Patrickmouth,1,44,44.00,+16572146013
868,"West, Martinez and Warren",Grocery Store,Rodriguezview,2,44,22.00,"0423761212"
503,Abbott-Robinson,Restaurant,Joseville,1,44,44.00,"4497006900"
514,Roy-Hancock,Supermarket,Maxwellburgh,3,43,14.33,"1860469157"
798,Jordan LLC,Grocery Store,North Amanda,3,43,14.33,+10731375460
548,"House, James and Miller",Supermarket,Lisamouth,1,43,43.00,"0701755725"
110,Figueroa-Soto,Grocery Store,South Kellyville,1,43,43.00,"5994420494"
310,"Sullivan, Thornton and Peterson",Grocery Store,Saraburgh,1,43,43.00,"6881165399"
531,Miller Ltd,Catering Service,North Kylestad,1,43,43.00,"6484700469"
968,"Robinson, Schaefer and Foster",Restaurant,Christopherton,1,43,43.00,+12356070553
672,"Ferguson, Henderson and Watson",Catering Service,North Mariahchester,1,43,43.00,"3513798297"
72,"Ward, Shepherd and Krause",Catering Service,Jasonstad,2,42,21.00,+14548235622
793,Thomas-Flores,Grocery Store,West Brandon,2,42,21.00,"5670809984"
358,Cole-Ochoa,Restaurant,South Crystalberg,1,42,42.00,"0013929975127"
737,"Ballard, Stanley and Hill",Restaurant,Port Andrea,2,42,21.00,"4099952073"
735,Koch Inc,Restaurant,Westmouth,2,42,21.00,"9724273809"
817,Mullins Ltd,Restaurant,Walterton,1,42,42.00,+11043123559
535,Hill PLC,Grocery Store,Valdezborough,1,42,42.00,+11579825008
324,Roberts Group,Grocery Store,East Elizabeth,1,42,42.00,"0434677558"
293,Ibarra and Sons,Catering Service,Joneshaven,2,42,21.00,"8553853050"
477,Alvarado LLC,Supermarket,East Jacobchester,2,42,21.00,"5915828492"
716,Wright-Hogan,Catering Service,North Ryan,1,42,42.00,"0012804888210"
405,"Mills, Smith and Martin",Supermarket,Kevinfort,1,42,42.00,"2029496624"
592,Chan PLC,Restaurant,North Brendaborough,1,42,42.00,"0017774232427"
582,Wilkerson and Sons,Grocery Store,West Dannyland,1,42,42.00,"3372409406"
282,"Baker, Gardner and Callahan",Supermarket,Port Gregton,1,42,42.00,"5209195240"
807,"Stewart, Rocha and Torres",Supermarket,Williamland,1,41,41.00,+11384709169
46,"Fisher, Hernandez and Webster",Grocery Store,South Lisaberg,3,41,13.67,"8718018397"
738,Combs Ltd,Grocery Store,West Kelli,1,41,41.00,"1674860883"
700,Webster and Sons,Supermarket,Morriston,1,41,41.00,"1615554218"
129,Hicks Ltd,Restaurant,Port Emily,1,41,41.00,"5107998149"
372,Elliott-Jones,Restaurant,Lewisberg,2,41,20.50,"6902726499"
321,Williams-Boyle,Restaurant,North Edwinchester,1,40,40.00,"6337823532"
512,Taylor-Lyons,Grocery Store,Port Timothystad,1,40,40.00,"0018465531363"
583,Martin-Wright,Catering Service,Marcstad,2,40,20.00,"8707233756"
215,Simmons Ltd,Grocery Store,New Curtis,3,40,13.33,"2199757084"
509,Roth-Mathews,Grocery Store,Cordovaborough,1,40,40.00,"0326889162"
692,"Rocha, Johnson and Dunlap",Supermarket,South Andrewport,2,40,20.00,+15965314868
133,Baker LLC,Catering Service,South Michaelberg,2,40,20.00,"4235705106"
123,Stephens-Stephens,Grocery Store,East Meganfort,1,40,40.00,+19708188098
111,Ball-Church,Supermarket,South Davidside,1,40,40.00,"3527644709"
235,Gutierrez LLC,Catering Service,Gutierrezshire,2,40,20.00,+15449248841
261,"Lopez, Davis and Duncan",Grocery Store,South Richardhaven,1,39,39.00,"4241079020"
714,Ramos Group,Catering Service,North William,2,39,19.50,"7279870431"
200,Turner-Woods,Supermarket,Bradleyport,1,39,39.00,+14988276905
49,"Miller, Braun and Graham",Supermarket,Lake Traceyburgh,1,39,39.00,"0017042015818"
505,"Sutton, Day and Brooks",Restaurant,Chelseaside,1,39,39.00,+16518317090
10,"Hall, Nguyen and Martinez",Catering Service,West Cherylfort,1,39,39.00,"7409492480"
252,Blair LLC,Grocery Store,Phillipsfort,1,39,39.00,"2135223298"
270,Harrison-Wilson,Catering Service,Cunninghambury,1,39,39.00,"2694752515"
626,Trevino Ltd,Supermarket,Heathermouth,1,39,39.00,"0223054697"
962,Galloway-Henderson,Catering Service,Alexanderchester,1,39,39.00,"0018679280212"
199,"Clark, Evans and Navarro",Catering Service,Christinamouth,1,39,39.00,+12604087633
96,"Pierce, Walsh and Rogers",Grocery Store,Deborahland,1,39,39.00,+10650245251
78,Frazier LLC,Restaurant,North Susan,1,38,38.00,"5883270069"
435,"Davies, Salas and Clark",Restaurant,Port Leahfurt,1,38,38.00,"7799690977"
862,Obrien-Carr,Grocery Store,East Tammy,2,38,19.00,"0963814881"
183,Elliott-Stephens,Grocery Store,South Anne,1,38,38.00,"4160713611"
170,"Peters, Chase and Davis",Catering Service,North Brentbury,1,38,38.00,+18130088889
159,"Wagner, Cole and Thompson",Grocery Store,North Brooke,1,38,38.00,+15555956288
277,Ramos and Sons,Catering Service,West Aliciabury,1,38,38.00,"5918690343"
876,Rosario-Porter,Grocery Store,Brookeland,2,38,19.00,"8675953131"
541,Lewis-Deleon,Catering Service,West Karen,1,38,38.00,"3992986885"
524,Torres Ltd,Grocery Store,West Amandafurt,1,38,38.00,"2838331998"
766,Parker Group,Catering Service,Jonathanmouth,2,38,19.00,"1977757862"
289,Jenkins-Carpenter,Supermarket,Toddstad,1,37,37.00,"1448122181"
144,"Johnson, Harris and White",Catering Service,Bellport,2,37,18.50,"2934703464"
600,Green LLC,Catering Service,Meganshire,1,37,37.00,"6599484636"
557,Smith PLC,Restaurant,East Aaron,2,37,18.50,"9110682655"
533,"Daniel, Schroeder and Morse",Catering Service,Rogersmouth,1,37,37.00,+17531538390
43,"Martinez, Johnson and Torres",Supermarket,South Karen,1,37,37.00,"2509198579"
274,Shields-Moore,Supermarket,New Dawnborough,1,37,37.00,"9332911651"
934,Nelson and Sons,Grocery Store,Steveport,1,37,37.00,+11140687855
786,Simmons-Davis,Restaurant,Basstown,2,37,18.50,"5326684291"
780,Lee LLC,Catering Service,North Caitlin,1,36,36.00,"1257451987"
93,"Davis, Vaughan and Shepherd",Supermarket,New Daniel,1,36,36.00,"1471512023"
434,Kennedy-Johnston,Restaurant,Nicoletown,1,36,36.00,"6696957079"
595,Knox and Sons,Grocery Store,Port Matthew,1,36,36.00,"9672178511"
932,"Jones, Allison and Ellison",Supermarket,New Ginaborough,1,36,36.00,"6923243942"
933,Jimenez-Ramirez,Catering Service,Anthonyborough,1,36,36.00,"4064014554"
857,Holmes-Schaefer,Supermarket,Jordanborough,3,36,12.00,"7599163267"
304,Douglas-Colon,Catering Service,Port Marcland,1,35,35.00,"4390202351"
52,Buck-Carey,Supermarket,Port Dianaberg,1,35,35.00,+11632183619
886,Gentry and Sons,Restaurant,New Tiffanystad,1,35,35.00,"8450767276"
722,Young-Luna,Restaurant,Linchester,1,35,35.00,"0013673898038"
86,Murphy-Boyd,Catering Service,New Michelle,1,35,35.00,"3879627399"
474,Gonzalez Inc,Catering Service,South Nicole,1,35,35.00,"6793058392"
516,"Raymond, Kelly and Yates",Catering Service,New Aaronberg,1,35,35.00,"5904214384"
657,Carpenter-Wright,Supermarket,Davidland,1,35,35.00,"0014823817341"
784,"Wolfe, Hull and Richardson",Restaurant,Gibsonfort,1,35,35.00,"6492102886"
954,Herrera LLC,Catering Service,Randallchester,1,35,35.00,"8412901538"
446,Nichols-Barnes,Catering Service,Port Richardshire,2,35,17.50,"5077313315"
198,Bowman LLC,Restaurant,Port Karen,1,35,35.00,"8908774218"
894,Fowler-Morgan,Restaurant,Cannonside,1,34,34.00,+14278711303
223,Hodges and Sons,Restaurant,Longland,1,34,34.00,"5041079130"
350,"Scott, Johnson and Villa",Restaurant,Port Dustin,1,34,34.00,"0011441956495"
599,Gomez LLC,Restaurant,Carlborough,1,34,34.00,"0878534529"
178,Mcbride-Rogers,Catering Service,Scottchester,1,34,34.00,"8206657265"
338,Ibarra LLC,Catering Service,Adambury,1,34,34.00,"6703380260"
327,"Miller, Conner and Clark",Restaurant,Villaborough,1,34,34.00,+10757952419
677,"Gonzalez, Dunn and Oconnell",Grocery Store,Williamsmouth,2,34,17.00,+16054498141
95,Orr Inc,Supermarket,Christinaland,1,34,34.00,+14159918966
671,Sanders and Sons,Grocery Store,North Catherine,1,34,34.00,+13089862848
887,Preston-Smith,Supermarket,Strongmouth,2,34,17.00,"8133263277"
726,Hancock-Jackson,Supermarket,Shortfurt,2,33,16.50,"0017698640777"
694,Avery PLC,Supermarket,Amandashire,1,33,33.00,"5891221214"
243,Davis-Hurley,Catering Service,West Catherine,1,33,33.00,"1723890239"
804,Jackson Ltd,Restaurant,North Ashley,1,33,33.00,+18712145204
782,Wheeler-Galvan,Supermarket,North Mary,1,33,33.00,"8519261633"
116,Mcdaniel-Morales,Grocery Store,Moseshaven,1,33,33.00,"0017028363122"
540,Randall-Wagner,Catering Service,Henrychester,1,33,33.00,"4276359668"
848,Fisher PLC,Supermarket,Fowlerbury,1,33,33.00,+18231815943
827,"Stewart, Cox and Tate",Grocery Store,East Kimberly,1,33,33.00,"7548226879"
853,Jefferson Group,Catering Service,East Michelle,1,33,33.00,"3908403570"
206,Yoder-Murray,Catering Service,Port Emilyburgh,1,33,33.00,"0015933304216"
228,Stewart-Soto,Supermarket,Andrewsmouth,1,33,33.00,"8286340022"
687,Mcdonald-Howell,Catering Service,North James,2,33,16.50,"5041832400"
249,"Davis, Sanchez and Hernandez",Catering Service,Johnsonside,1,33,33.00,"4522149646"
422,Wilson-Cook,Catering Service,Smithfort,2,33,16.50,"2764354585"
463,Carey-Ramos,Grocery Store,East Edwinburgh,2,33,16.50,"1788376236"
115,Wells-Davis,Grocery Store,Floresville,1,33,33.00,"3222210619"
381,"Cruz, Lee and Fernandez",Supermarket,Martinville,1,32,32.00,"9733120803"
777,"Giles, Weiss and Brown",Catering Service,Wilsonview,1,32,32.00,"6766883967"
267,Sherman-Garza,Catering Service,Port Kevinburgh,1,32,32.00,"3571590029"
426,Cook-Rodriguez,Catering Service,Taylorchester,1,32,32.00,"7185148646"
570,"Jones, Calderon and Finley",Supermarket,Lake Vanessa,1,32,32.00,"0012773439322"
82,Carey-Richardson,Supermarket,West Lauraborough,1,32,32.00,"4689060755"
414,Gonzales Group,Supermarket,New Matthew,1,32,32.00,+17906678198
530,"Spencer, Eaton and Young",Catering Service,Johnstonhaven,1,32,32.00,"8087072502"
960,"Jackson, Shelton and Mayer",Supermarket,Port Lance,1,32,32.00,+11401910616
547,"Walter, Gonzales and Potter",Restaurant,Batesstad,1,32,32.00,"2616749124"
239,"Simpson, Thomas and Smith",Grocery Store,South Bradleyburgh,2,31,15.50,"0011171147043"
429,"Olson, Johnson and Figueroa",Grocery Store,Lake Benjamin,2,31,15.50,"0019902057079"
263,"Lutz, Smith and Martin",Grocery Store,Chambersfort,1,31,31.00,+16436470236
760,Frederick LLC,Supermarket,Yatesside,1,31,31.00,"7848600232"
989,Williams-Aguirre,Grocery Store,North Lauren,2,31,15.50,"2059993497"
958,Patel Ltd,Restaurant,Lake Vanessaland,1,31,31.00,"6942147175"
935,Frazier-Sanders,Grocery Store,Ramseyfort,1,31,31.00,"0015813783772"
732,Mendoza LLC,Supermarket,Ginaview,1,31,31.00,"6367630459"
754,Rodriguez and Sons,Restaurant,North Sharonburgh,1,31,31.00,"4773093018"
483,Bates-Johnson,Catering Service,Millerview,2,30,15.00,"0017217089864"
150,"Powers, Clark and Snyder",Grocery Store,North Jamesberg,1,30,30.00,"5313415220"
295,"Patterson, Harris and Kelly",Restaurant,Meghanfurt,1,30,30.00,"8457019148"
589,"Boyd, Padilla and Simpson",Restaurant,Morganhaven,1,30,30.00,"6948756150"
285,Sanchez-Fisher,Restaurant,West Corey,2,30,15.00,"9718036233"
151,Butler-Newman,Restaurant,Anthonyshire,1,30,30.00,+18322586208
345,Mitchell-Watson,Catering Service,North Tracy,1,29,29.00,"0013666779015"
413,"Davis, Bowen and Miller",Catering Service,North Mike,3,29,9.67,"9207424674"
247,Shepherd-Yates,Catering Service,Port Aaron,1,29,29.00,"4778191257"
625,Whitney-Fields,Grocery Store,East Lisa,1,29,29.00,"3994794880"
268,"White, Hutchinson and Williams",Grocery Store,Nolanmouth,1,29,29.00,"6550564788"
464,Barber Ltd,Catering Service,Port Jacob,1,29,29.00,"0010455089337"
234,Sherman-Baker,Catering Service,New Joel,2,29,14.50,"3010171427"
734,Patterson-Collins,Catering Service,Port Anita,1,29,29.00,+14661244012
720,"Page, Smith and Davis",Restaurant,Francisshire,2,29,14.50,"9214708846"
931,Phillips-Bradley,Supermarket,South Allisonburgh,1,28,28.00,"0016454942603"
497,Sparks-Berry,Catering Service,Chelseyfort,2,28,14.00,"8679389153"
265,Simmons-Mcdaniel,Catering Service,New Douglas,1,28,28.00,"1756171876"
356,Espinoza PLC,Supermarket,West Michael,1,28,28.00,"4105393296"
710,Adams-Meyer,Catering Service,Mikaylachester,1,28,28.00,+13347570819
222,"Tran, Douglas and Harvey",Catering Service,Stephanieberg,1,28,28.00,"0159114687"
227,Morse-Hoffman,Grocery Store,Derekport,1,28,28.00,"4405148820"
718,Livingston Inc,Restaurant,Port Victoria,2,28,14.00,+19563817075
795,Rollins-Mclaughlin,Catering Service,Brownberg,1,28,28.00,"7285096340"
11,"Flores, Jackson and Ford",Supermarket,South Robert,1,27,27.00,"2765274329"
802,Williams Inc,Catering Service,North Katherineshire,1,27,27.00,"1342667104"
367,Patel and Sons,Grocery Store,Deckermouth,1,27,27.00,+17310682964
107,"Pollard, Tyler and Davis",Restaurant,West Lauraborough,2,27,13.50,"7599766878"
169,Hines-Green,Grocery Store,Lindseyland,2,27,13.50,"0546265986"
719,Graham PLC,Restaurant,East Cynthia,1,27,27.00,"7432621457"
40,Robinson PLC,Restaurant,Jennifertown,1,27,27.00,"9258829055"
587,"Davis, Cruz and Schaefer",Restaurant,Lake George,1,27,27.00,"4142908031"
316,Johnson Group,Supermarket,Williamsfort,2,27,13.50,"0074844365"
640,"Cook, Jackson and Griffith",Grocery Store,West Tinamouth,1,27,27.00,"4961700536"
611,Williams-Manning,Supermarket,Port Kendraborough,1,27,27.00,"0010502480430"
284,Cruz Inc,Supermarket,North Julieburgh,1,27,27.00,"2424714335"
698,Hawkins-Novak,Grocery Store,Phillipsmouth,2,26,13.00,"9611447736"
465,Terry Inc,Restaurant,Johnton,1,26,26.00,"2807234101"
102,"Hester, Bowers and Carpenter",Grocery Store,West Samantha,1,26,26.00,+16999115500
985,Frey PLC,Restaurant,Harrisonbury,1,26,26.00,"8906615455"
373,Avila Group,Grocery Store,Aprilberg,1,26,26.00,"0018355943012"
182,Wilson-Ortiz,Grocery Store,Port Jeffrey,2,26,13.00,"3458892010"
323,Peters-Johnson,Restaurant,Jasmineberg,1,26,26.00,"1061503989"
585,Warren Group,Grocery Store,Port Donnaton,1,26,26.00,"7562466838"
257,James Group,Supermarket,Lake Coryhaven,1,25,25.00,"0013852150963"
103,Russell-Summers,Catering Service,Port Michaelshire,1,25,25.00,"3142323936"
837,Horn-House,Supermarket,South Charles,1,25,25.00,"2745960960"
879,Hughes Ltd,Supermarket,Lake Michael,1,25,25.00,"5126543742"
576,Townsend Inc,Catering Service,East Emilyburgh,1,25,25.00,"0018208202213"
452,"Roberson, Marquez and Mcdowell",Supermarket,New Erica,1,25,25.00,"0016641800480"
923,Rodriguez Inc,Supermarket,Jonestown,1,25,25.00,"1383312143"
100,Greene-Garcia,Catering Service,Mooreview,1,25,25.00,"1558466299"
331,"Edwards, Johnson and Cross",Catering Service,South Jeffreyburgh,1,25,25.00,"8692278515"
22,Miller-Carter,Catering Service,Port Lisamouth,2,25,12.50,+18680164774
558,Beck Group,Catering Service,North Sharonberg,1,24,24.00,+11533940994
668,"Williams, Simpson and Waters",Grocery Store,Salinasville,1,24,24.00,"9364930023"
676,Osborne LLC,Catering Service,Lake Jasmin,1,24,24.00,+13404368105
380,Nelson PLC,Restaurant,Lake Christophermouth,2,24,12.00,"3020427352"
608,Love-Montgomery,Grocery Store,Collinsmouth,1,24,24.00,"1642698070"
126,"Jackson, Gonzalez and Smith",Supermarket,New Rodneyville,2,23,11.50,"5906520264"
911,Alexander PLC,Restaurant,Garciatown,2,23,11.50,"5996017460"
181,"Black, Montgomery and Hernandez",Restaurant,Taylormouth,1,23,23.00,"0017636566801"
152,Rogers-Shaw,Catering Service,South Jacobport,1,23,23.00,"0015223055977"
977,Anderson and Sons,Restaurant,South Jessicachester,1,23,23.00,"7595961190"
14,Nguyen-Tran,Catering Service,Garciamouth,1,23,23.00,+18996194557
559,"Young, Moran and Morris",Catering Service,New Baileyfort,1,23,23.00,+17508127169
333,"Herrera, Fritz and Banks",Restaurant,Port Heidiland,1,23,23.00,"0571469859"
903,"Galloway, Hall and Oconnell",Catering Service,Lake Kari,1,23,23.00,"5586999188"
35,Nguyen-Parsons,Grocery Store,Andersonmouth,1,22,22.00,"6386686852"
794,"Coleman, Williams and Nichols",Supermarket,Woodport,2,22,11.00,"3124904832"
866,Jones-Patterson,Grocery Store,New Robertstad,1,22,22.00,"9403549558"
254,Huber Group,Restaurant,Reidland,1,22,22.00,"0018414948011"
647,Hayes Inc,Restaurant,West Kara,1,22,22.00,"4234025949"
90,Miller Group,Supermarket,Lake Kristentown,1,22,22.00,"0013118060098"
828,Campbell LLC,Catering Service,Torresshire,2,22,11.00,"4087920799"
527,"Moran, Mcmillan and Jones",Supermarket,Bonillahaven,1,22,22.00,"0012614660296"
85,Larson Ltd,Catering Service,Christopherstad,1,22,22.00,"3706010512"
67,Shannon Ltd,Restaurant,Kentland,1,22,22.00,"4014412366"
552,"Schwartz, Holland and Mccarthy",Catering Service,Pearsonchester,1,22,22.00,"0014868946733"
42,Austin-Yu,Grocery Store,East Nicholasbury,1,21,21.00,+13928780666
408,Thompson-Ortiz,Supermarket,Riceshire,1,21,21.00,"5027424022"
520,"Jackson, Miller and Porter",Catering Service,Port Andre,1,21,21.00,"2572305531"
65,Fletcher Inc,Grocery Store,Lake Raymondton,1,21,21.00,+14450036513
9,Nguyen Inc,Supermarket,Tinamouth,1,21,21.00,"8986092609"
776,"Lee, Walker and Woodward",Supermarket,Williamview,1,21,21.00,"0018008256958"
982,Martinez PLC,Grocery Store,Westbury,1,21,21.00,"9441292371"
621,Chan Group,Supermarket,Sarahland,2,21,10.50,+11191048140
636,Carroll-Stanley,Grocery Store,West Omarside,1,21,21.00,"8493391687"
778,Blanchard-Parsons,Catering Service,Edwardsbury,1,21,21.00,"1686096009"
453,Moore LLC,Grocery Store,East Timothy,1,21,21.00,"3057565998"
266,Thomas-Carpenter,Grocery Store,Port Ronaldshire,1,21,21.00,"0219080322"
577,Taylor-Matthews,Catering Service,Lake Donna,2,21,10.50,"8647253991"
118,Evans-Harrison,Supermarket,Lake Joseph,1,20,20.00,"0668327189"
852,Jones-Burnett,Grocery Store,East Shanestad,1,20,20.00,"0017183678316"
68,Sherman-Wolfe,Supermarket,North Elizabeth,1,20,20.00,"0017976281681"
572,Shaw Group,Supermarket,Lake Cathy,1,20,20.00,+11685222184
342,Smith Inc,Catering Service,Matthewbury,1,20,20.00,+13409864095
880,Johnson-Brown,Catering Service,Sheenashire,1,20,20.00,"2525718129"
882,"Freeman, Allen and Castaneda",Supermarket,Jenniferville,1,20,20.00,"1621392884"
122,Mosley-Hernandez,Catering Service,Tyronebury,1,20,20.00,+14771592443
26,Hansen Inc,Grocery Store,West Adammouth,1,19,19.00,"4643112342"
721,Randolph-Bauer,Catering Service,Port Staceymouth,1,19,19.00,"2885719618"
981,Glenn-York,Restaurant,West Stevenport,1,19,19.00,"0634583909"
751,"Bryant, Jacobson and West",Restaurant,East Richardside,2,19,9.50,"0010753470236"
902,Parsons Ltd,Supermarket,Port Robertport,1,19,19.00,"4455582787"
388,Rivera Ltd,Supermarket,Manuelhaven,2,19,9.50,+18322445987
922,Villegas Inc,Restaurant,Lake Michael,1,19,19.00,"3387210560"
120,Burns-Davis,Restaurant,New Lisa,1,19,19.00,+17495542482
513,"Cruz, Murphy and Santos",Catering Service,West Larry,1,19,19.00,"0010706766757"
976,"Robinson, Rodriguez and Reilly",Restaurant,Davisview,1,18,18.00,"3175223773"
336,Mckinney LLC,Supermarket,East Sandra,1,18,18.00,"3380596636"
814,"Scott, Lopez and Baldwin",Grocery Store,Allenborough,1,18,18.00,"0015906442836"
537,Jones Group,Restaurant,Callahanside,1,18,18.00,"1043137701"
155,Bennett-Parker,Supermarket,Charlesview,1,18,18.00,"7739661784"
930,Cannon-Garcia,Restaurant,Kellytown,2,18,9.00,"9421508200"
816,Dunlap Inc,Supermarket,New Jamesburgh,1,18,18.00,"9097200844"
841,Smith Inc,Restaurant,Lake Tamara,1,18,18.00,"8710826155"
916,Davis and Sons,Catering Service,Patrickfort,1,18,18.00,"9652663582"
172,"Parker, Macdonald and Espinoza",Grocery Store,Garciaside,1,17,17.00,"7760667306"
990,Jones PLC,Catering Service,Lake Latasha,1,17,17.00,+12310614929
175,Olson Ltd,Catering Service,Katherinefurt,1,17,17.00,+14461621060
952,"Harris, Mcdonald and Taylor",Grocery Store,Samueltown,1,17,17.00,+16481609304
191,Grant-Davis,Grocery Store,Lake Jessicamouth,1,17,17.00,+16729497621
800,"Hughes, Fuller and Sanchez",Catering Service,East Amyfurt,1,17,17.00,"0404730155"
630,Mathews-Harrison,Catering Service,West Matthew,1,17,17.00,"2784103369"
613,Cross and Sons,Grocery Store,Petersonburgh,1,17,17.00,"2499148837"
472,Roach-Wheeler,Restaurant,Rebeccaburgh,1,17,17.00,"0012151759576"
590,Adams-Young,Grocery Store,Richchester,1,16,16.00,+14836515816
593,"Spencer, Gibson and Arias",Grocery Store,Tammyside,1,16,16.00,"5257240172"
650,Pugh Group,Restaurant,Garzaville,1,16,16.00,+10892619866
314,Wright-Mcclure,Restaurant,Rodriguezfurt,1,16,16.00,+19824943609
872,Calderon-Torres,Supermarket,Ramosville,1,16,16.00,"7936612764"
836,Phillips PLC,Catering Service,New Ninashire,1,16,16.00,+10412009724
913,Crosby Group,Grocery Store,Erikatown,2,16,8.00,+13070535303
569,Booker Ltd,Grocery Store,South Russelltown,1,15,15.00,"0013917941009"
899,"Jackson, Lee and Hodge",Catering Service,North Steven,1,15,15.00,"0013199544598"
730,Arroyo-Henderson,Supermarket,Benjaminstad,1,15,15.00,"3130196078"
637,Rodriguez LLC,Grocery Store,East Williamshire,1,15,15.00,"0011578337008"
127,Vasquez LLC,Restaurant,Jasonland,1,15,15.00,"7319473123"
112,"Webb, Graves and Harrison",Restaurant,East Courtneymouth,1,15,15.00,"9357149134"
88,"Oliver, Williams and Rich",Restaurant,Salastown,1,15,15.00,+15092559684
193,"Chung, Morris and Craig",Restaurant,North Lisaland,1,15,15.00,"0019818920136"
230,Phelps-Robbins,Grocery Store,North Melanie,1,14,14.00,"5648556923"
806,Stone LLC,Supermarket,West Samuelfurt,2,14,7.00,"4505959061"
279,"Greene, Wood and Hernandez",Restaurant,Garciaport,1,14,14.00,"2385514657"
38,Lawrence LLC,Supermarket,Perkinsbury,1,14,14.00,"5808885964"
743,"Mayer, Hawkins and Day",Supermarket,South Richard,1,14,14.00,+12066412099
965,Oconnor Ltd,Restaurant,Port Bryce,2,14,7.00,+14840316824
164,Yu-Rodriguez,Grocery Store,Sylviabury,1,14,14.00,"0175902372"
713,Bell-Newman,Grocery Store,Smithmouth,1,14,14.00,"2394351256"
987,"Harris, Santos and Roberts",Supermarket,South Kevinhaven,1,14,14.00,"0016643468788"
450,Gibson and Sons,Catering Service,Grahamside,1,14,14.00,"8046887617"
614,"Morris, Mcpherson and Edwards",Supermarket,Robertshire,1,14,14.00,"5267661952"
125,Brown-Grimes,Supermarket,Lake April,2,14,7.00,"4920290285"
623,Williams Inc,Supermarket,Latoyaberg,1,14,14.00,"0313478261"
683,Pratt Ltd,Grocery Store,Christinetown,1,13,13.00,"0013180358959"
174,"Gillespie, Foster and Boyd",Grocery Store,North Carolfurt,1,13,13.00,"0018625020221"
456,Simmons PLC,Grocery Store,North Katelyn,1,13,13.00,"2725076150"
386,Miranda Ltd,Grocery Store,Wheelermouth,1,13,13.00,"4901897305"
883,"Lewis, Wagner and Solis",Supermarket,New Jacob,2,13,6.50,"0010944808706"
656,Henry PLC,Restaurant,South Tiffanyfort,2,13,6.50,"1045767855"
926,Perkins Ltd,Grocery Store,North Chase,2,13,6.50,+17016742402
508,"Goodwin, Acosta and Chan",Restaurant,Walkerfurt,1,13,13.00,"0010768569568"
341,Jenkins-Carrillo,Grocery Store,Lake Ryanbury,1,13,13.00,"0253326781"
665,Ortega-Webb,Catering Service,West Billborough,1,12,12.00,"0016460369173"
691,"Obrien, King and Robinson",Restaurant,Youngchester,2,12,6.00,+15132648229
549,"Doyle, Clark and Campbell",Catering Service,East Deborah,1,12,12.00,"2052373375"
575,Martinez and Sons,Catering Service,Johnport,1,12,12.00,"5200035934"
211,"Anderson, Patrick and Scott",Restaurant,Lake James,1,11,11.00,+18869314697
148,"Perry, Cabrera and Owens",Grocery Store,Annahaven,1,11,11.00,"6263210040"
896,"Marquez, Reid and Kramer",Grocery Store,Weberfurt,1,11,11.00,"0013195843389"
56,Morris Ltd,Catering Service,Michaelview,1,11,11.00,"6547512531"
104,Jackson LLC,Catering Service,Lake Theresa,1,11,11.00,"0014889057389"
741,"Martin, Richardson and Snow",Catering Service,West Anthonymouth,1,11,11.00,"0131811620"
973,Watson LLC,Supermarket,New Larry,1,11,11.00,"8591148922"
601,Owens-Johnson,Catering Service,Port Troychester,1,11,11.00,"0512205307"
653,"Perry, Perez and Carter",Catering Service,Cameronside,2,10,5.00,"0855885857"
39,Fernandez-Bridges,Supermarket,Brittanyville,2,10,5.00,"0017141750277"
673,Reynolds Group,Restaurant,New Connorfort,1,10,10.00,+17086611330
662,"Morris, Mcintyre and Austin",Supermarket,Port Lesliebury,1,10,10.00,"0010959505858"
475,Henderson Group,Catering Service,Bentonfurt,1,10,10.00,"8549298365"
831,Figueroa Inc,Catering Service,Lewishaven,1,10,10.00,"1075928920"
511,Mitchell PLC,Grocery Store,Port Davidshire,1,10,10.00,"0015348266584"
929,Allen LLC,Catering Service,Lake Richardhaven,1,9,9.00,"4740886934"
24,"Black, Collins and Richard",Supermarket,Hestermouth,1,9,9.00,"2660409664"
275,"Floyd, Jones and Alvarado",Supermarket,Brittanyport,1,9,9.00,"1063170700"
949,"Jackson, Howe and Gentry",Supermarket,Lake Deborah,1,9,9.00,"0713389174"
167,Thompson-Turner,Catering Service,Davidport,1,9,9.00,"8979254252"
526,"Harrington, Jimenez and Carr",Supermarket,South Tylerstad,1,9,9.00,"1547648062"
539,Smith-Thomas,Restaurant,Watsonton,1,9,9.00,"9624444824"
480,Brooks-Mccarty,Catering Service,East Kevin,1,8,8.00,"2979953926"
659,Callahan-Olsen,Restaurant,East Lori,1,8,8.00,"4795243396"
963,Johnson PLC,Supermarket,East Bernard,1,8,8.00,"7640898990"
764,"Villegas, Chen and Campos",Restaurant,New Travisshire,2,8,4.00,"6196614594"
177,Turner-Ramirez,Supermarket,South Nicholasville,1,8,8.00,"6796995497"
326,"Bender, Jordan and Bennett",Supermarket,Lake Alicia,2,8,4.00,"0011945097599"
328,"Walker, Brennan and Townsend",Grocery Store,Port Rubenville,1,8,8.00,"1949002168"
470,"Bishop, Martinez and Robinson",Restaurant,Port Daniellechester,1,8,8.00,"0010718863052"
374,"Pollard, Yoder and Martin",Grocery Store,Steeleport,1,8,8.00,"7316120267"
519,"Smith, James and Alvarado",Restaurant,Keithburgh,1,7,7.00,"4873246566"
998,Novak Group,Grocery Store,Joshuastad,1,7,7.00,"9036421969"
875,Mendoza-Espinoza,Grocery Store,South William,1,7,7.00,"0297802681"
335,"Newman, Pearson and Mccarthy",Grocery Store,North Gary,2,7,3.50,"9055497068"
313,Maldonado-Davis,Supermarket,Boylechester,1,7,7.00,"9538261424"
337,Hogan-Oliver,Restaurant,New Ricky,1,7,7.00,"0014840189255"
142,"Myers, Kelley and Riley",Catering Service,Mitchellmouth,1,7,7.00,"0019128655943"
204,Lyons Inc,Supermarket,Lake Lauraton,1,7,7.00,"1279595462"
948,House-Bates,Supermarket,West Lisamouth,1,7,7.00,+19105828983
964,Graham and Sons,Catering Service,Connieside,1,6,6.00,+13287444361
461,Murray Inc,Restaurant,New Hannah,1,6,6.00,"2916056162"
811,Hall-Barnett,Grocery Store,East Emily,1,6,6.00,+14161505940
444,"King, Schneider and Banks",Restaurant,New Billy,1,6,6.00,+19652606135
729,Bennett Inc,Grocery Store,Lake Nathan,1,6,6.00,+14406392296
59,"Warner, White and Morris",Grocery Store,Marissaville,1,6,6.00,"0019472802490"
334,Cox-Mcintyre,Grocery Store,South Jillshire,1,6,6.00,"4224508076"
536,Johnson-Farley,Restaurant,South Donald,1,6,6.00,"9692805722"
301,"Smith, Glover and Mcintyre",Supermarket,East Laurashire,1,5,5.00,"5020129123"
639,Chandler-Roberts,Supermarket,Richardsonhaven,1,5,5.00,"6710360993"
824,Howard-Williams,Supermarket,Lopezport,1,5,5.00,"7281562658"
60,Parker-Campbell,Restaurant,Wilsonport,1,5,5.00,"0069588829"
638,Patterson Inc,Restaurant,Jeffreyport,1,5,5.00,"0192317207"
124,"Allen, Zimmerman and Harrington",Supermarket,Lake Shelby,1,5,5.00,"8326461114"
48,Conway-Barr,Restaurant,Timothyview,1,5,5.00,+18203395162
418,"Schwartz, Odonnell and Padilla",Restaurant,Deborahfurt,1,5,5.00,"9556588107"
320,Shah Group,Supermarket,Lake Jeffreytown,1,5,5.00,"9538403880"
606,"Freeman, Decker and Johnson",Grocery Store,North Nathan,1,5,5.00,"2908495446"
76,Clark-Estes,Restaurant,Port Amandamouth,1,4,4.00,"0018798120126"
55,Wilson-Brown,Grocery Store,Danachester,1,4,4.00,"0014731636196"
769,Andrews Inc,Catering Service,Carrport,1,4,4.00,"0012576569260"
45,"Butler, Kennedy and Cowan",Catering Service,East Deniseborough,1,4,4.00,"7040336760"
134,Cook Ltd,Supermarket,West Melissa,1,4,4.00,"3409597188"
195,Williams-Strong,Supermarket,Justinhaven,1,4,4.00,"9355361144"
959,Stanley PLC,Grocery Store,North Victoriastad,1,4,4.00,"0014282415858"
245,Williams and Sons,Restaurant,Lake Heather,1,4,4.00,+12790072137
378,Foster Ltd,Supermarket,South Johnshire,1,4,4.00,"7045041352"
189,Blackwell Ltd,Supermarket,Brianside,1,4,4.00,"6040571444"
907,Sanchez PLC,Supermarket,South Marthahaven,1,3,3.00,"5399669767"
396,Chase-Gross,Catering Service,Heatherside,1,3,3.00,"0414931650"
468,Alexander-Mendoza,Supermarket,East Johnburgh,1,3,3.00,"5962493643"
420,Snyder Ltd,Catering Service,Anthonyton,1,3,3.00,"8056011161"
740,Cunningham Ltd,Catering Service,Port Marissachester,1,3,3.00,"4988397284"
844,Gallagher-Brown,Grocery Store,Olsenstad,1,3,3.00,"9339428554"
674,Reid-Johnson,Restaurant,Anthonyhaven,1,3,3.00,"0714616662"
919,Cruz-Davis,Supermarket,Port Tanyaburgh,1,2,2.00,"1265951397"
555,"Valencia, Floyd and Jordan",Grocery Store,South Brenda,1,2,2.00,"8643864484"
731,Ayers-Lewis,Grocery Store,East Christophertown,1,2,2.00,"0018236623501"
213,"Anderson, Robinson and Phillips",Grocery Store,Andersonville,1,2,2.00,"7809531647"
765,Wong-Wilson,Grocery Store,South Douglashaven,1,2,2.00,"6938326017"
762,Simmons Group,Restaurant,West Lucasville,1,2,2.00,"0025035955"
945,Young-Wu,Grocery Store,Tamaraside,1,2,2.00,"5168715874"
788,Russell and Sons,Supermarket,New Michaelmouth,1,2,2.00,"2015011781"
186,Garner PLC,Grocery Store,Evansmouth,1,2,2.00,"1129028389"
870,Mcgee PLC,Supermarket,New Hollyfurt,1,1,1.00,"3787777668"
258,Gonzales-Moore,Restaurant,Lake Anthonyport,1,1,1.00,"4959262302"
849,Brown and Sons,Supermarket,South Christopherborough,1,1,1.00,"3524814738"
939,Reyes and Sons,Catering Service,New Monicaside,1,1,1.00,"9608634637"
745,"Martinez, Armstrong and Carroll",Grocery Store,East Lisa,1,1,1.00,"5777868133"
184,Norris-Townsend,Grocery Store,Velazquezview,1,1,1.00,"6304611996"
